Slug,Link
15-sabados-a-nossa-senhora-do-rosario,https://firebasestorage.googleapis.com/v0/b/oratio-imc.appspot.com/o/Content%2FOra%C3%A7%C3%B5es%2FDevo%C3%A7%C3%B5es%20especiais%2Fdevocao-15-sabados-ns-rosarii.json?alt=media&token=aa551c67-f001-4b13-be12-96146984b5e3
40-pai-nossos,https://firebasestorage.googleapis.com/v0/b/oratio-imc.appspot.com/o/Content%2FOra%C3%A7%C3%B5es%2FOutras%2F40-pai-nossos.json?alt=media&token=32ca248b-2aeb-4d27-b279-62ec2ba82da3
a-deus-uno-e-trino,https://firebasestorage.googleapis.com/v0/b/oratio-imc.appspot.com/o/Content%2FOra%C3%A7%C3%B5es%2FOutras%2F1%2Fa-deus-uno-e-trino.json?alt=media&token=c38d0d3b-cc16-4687-b85c-d459e636a0c8
a-vossa-protecao,https://tstxvak.weebly.com/uploads/1/4/4/8/144864775/%C3%80_vossa_prote%C3%A7%C3%A3o.json
adoro-te-devoto,https://firebasestorage.googleapis.com/v0/b/oratio-imc.appspot.com/o/Content%2FOra%C3%A7%C3%B5es%2FOutras%2F1%2Fadoro-te-devote.json?alt=media&token=938e58e8-2a11-48a8-92bc-ad4b84abd2ad
alma-de-cristo-anima-christi,https://firebasestorage.googleapis.com/v0/b/oratio-imc.appspot.com/o/Content%2FOra%C3%A7%C3%B5es%2FOutras%2F1%2Falma-de-cristo.json?alt=media&token=854e04b8-1154-43d9-a992-2bc62281926d
alma-redemptoris-mater,https://firebasestorage.googleapis.com/v0/b/oratio-imc.appspot.com/o/Content%2FOra%C3%A7%C3%B5es%2FOutras%2F1%2Falma-redemptoris-mater.json?alt=media&token=a502316a-e549-4e04-b1d1-5f88c1a3d590
angelus,https://tstxvak.weebly.com/uploads/1/4/4/8/144864775/%C3%A2ngelus.json
angelus-latim,https://tstxvak.weebly.com/uploads/1/4/4/8/144864775/angelus-latim.json
ato-de-abandono,https://firebasestorage.googleapis.com/v0/b/oratio-imc.appspot.com/o/Content%2FOra%C3%A7%C3%B5es%2FOutras%2F1%2Fato-de-abandono.json?alt=media&token=1f576340-d66e-4929-a615-8bb7642052f5
ato-de-caridade,https://firebasestorage.googleapis.com/v0/b/oratio-imc.appspot.com/o/Content%2FOra%C3%A7%C3%B5es%2FOutras%2F1%2Fato-de-caridade.json?alt=media&token=b6c78bc1-bd1d-42a5-82de-4b63320c65d9
ato-de-confianca,https://firebasestorage.googleapis.com/v0/b/oratio-imc.appspot.com/o/Content%2FOra%C3%A7%C3%B5es%2FOutras%2F1%2Fato-de-confianca.json?alt=media&token=48551dd2-5253-4698-8a97-2770f5d44d86
ato-de-contricao,https://tstxvak.weebly.com/uploads/1/4/4/8/144864775/ato_de_contri%C3%A7%C3%A3o.json
ato-de-esperanca,https://firebasestorage.googleapis.com/v0/b/oratio-imc.appspot.com/o/Content%2FOra%C3%A7%C3%B5es%2FOutras%2F1%2Fato-de-esperanca.json?alt=media&token=8cf2d97f-87bb-4a7d-9682-fabe1351f7fb
ato-de-fe,https://firebasestorage.googleapis.com/v0/b/oratio-imc.appspot.com/o/Content%2FOra%C3%A7%C3%B5es%2FOutras%2F1%2Fato-de-fe.json?alt=media&token=971b2aef-2c3a-4484-b8e1-39ec8ab372fd
ave-jose,https://firebasestorage.googleapis.com/v0/b/oratio-imc.appspot.com/o/Content%2FOra%C3%A7%C3%B5es%2FOutras%2F1%2Fave-jose.json?alt=media&token=5c3a25a4-224b-408d-b511-7b7ddfc91f39
ave-maria,https://tstxvak.weebly.com/uploads/1/4/4/8/144864775/ave_maria.json
ave-maria-meditada-pelas-almas,https://firebasestorage.googleapis.com/v0/b/oratio-imc.appspot.com/o/Content%2FOra%C3%A7%C3%B5es%2FOutras%2Fave-maria-pelas-almas.json?alt=media&token=3d2225f5-b916-416a-b558-001baa650922
ave-rainha-dos-ceus,https://firebasestorage.googleapis.com/v0/b/oratio-imc.appspot.com/o/Content%2FOra%C3%A7%C3%B5es%2FOutras%2F1%2Fave-rainha-dos-ceus.json?alt=media&token=b9376edd-2b4a-47e6-809b-9b4fdd1dcfb7
cantico-de-nossa-senhora-magnificat,https://firebasestorage.googleapis.com/v0/b/oratio-imc.appspot.com/o/Content%2FOra%C3%A7%C3%B5es%2FOutras%2F1%2Fmagnificat.json?alt=media&token=16005b09-1f5d-4723-b1c8-8e4fa0c6c942
cantico-de-zacarias-benedictus,https://firebasestorage.googleapis.com/v0/b/oratio-imc.appspot.com/o/Content%2FOra%C3%A7%C3%B5es%2FOutras%2F1%2Fcantico-de-zacarias.json?alt=media&token=fb61e068-3af0-4e9c-845b-9862bed2fbaf
comunhao-espiritual,https://firebasestorage.googleapis.com/v0/b/oratio-imc.appspot.com/o/Content%2FOra%C3%A7%C3%B5es%2FOutras%2F1%2Fcomunhao-espiritual.json?alt=media&token=3c4116df-9539-432c-b1d8-bb6ec389848b
confesso-a-deus,https://tstxvak.weebly.com/uploads/1/4/4/8/144864775/confesso_a_deus.json
consagracao-a-nossa-senhora,https://tstxvak.weebly.com/uploads/1/4/4/8/144864775/consagra%C3%A7%C3%A3o_a_nossa_senhora.json
cordeiro-de-deus-agnus-dei,https://firebasestorage.googleapis.com/v0/b/oratio-imc.appspot.com/o/Content%2FOra%C3%A7%C3%B5es%2FOutras%2F1%2Fcordeiro-de-deus.json?alt=media&token=617a77d7-3bb7-402d-87f0-4fd702388516
coroa-das-sete-dores-de-nossa-senhora,https://tstxvak.weebly.com/uploads/1/4/4/8/144864775/coroa_sete_dores_de_nossa_senhora.json
coroa-de-nossa-senhora-das-lagrimas,https://tstxvak.weebly.com/uploads/1/4/4/8/144864775/coroa-nossa-senhora-das-lagrimas.json
coroa-do-divino-espirito-santo,https://firebasestorage.googleapis.com/v0/b/oratio-imc.appspot.com/o/Content%2FOra%C3%A7%C3%B5es%2FTer%C3%A7os%20e%20Coroas%2Fcoroa-divino-espirito-santo.json?alt=media&token=7b199c57-66a1-43d6-ab61-409d5f1101e7
coroa-pelas-almas-do-purgatorio,https://firebasestorage.googleapis.com/v0/b/oratio-imc.appspot.com/o/Content%2FOra%C3%A7%C3%B5es%2FTer%C3%A7os%20e%20Coroas%2Fcoroa-almas-do-purgatorio.json?alt=media&token=ebb2230c-f891-439e-a2b3-35a533803b34
coroinha-de-nossa-senhora,https://tstxvak.weebly.com/uploads/1/4/4/8/144864775/coroinha_de_nossa_senhora.json
coroinha-de-nossa-senhora-latim,https://tstxvak.weebly.com/uploads/1/4/4/8/144864775/latim-coroinha_de_nossa_senhora.json
coroinha-de-santa-filomena,https://cdn.oratioapp.com.br/content/oracoes/coroas/santa-filomena.json
couraca-de-sao-patricio,https://firebasestorage.googleapis.com/v0/b/oratio-imc.appspot.com/o/Content%2FOra%C3%A7%C3%B5es%2FOutras%2Fcouraca-de-s-patricio.json?alt=media&token=2e633a0b-8d94-4122-bd75-082543f87cf5
credo-apostolico,https://tstxvak.weebly.com/uploads/1/4/4/8/144864775/credo_apost%C3%B3lico.json
credo-de-santo-atanasio,https://firebasestorage.googleapis.com/v0/b/oratio-imc.appspot.com/o/Content%2FOra%C3%A7%C3%B5es%2FOutras%2F1%2Fcredo-de-santo-atanasio.json?alt=media&token=6e0be315-29f8-41a1-808b-76528449e476
credo-niceno-constantinopolitano,https://tstxvak.weebly.com/uploads/1/4/4/8/144864775/credo_niceno-constantinopolitano.json
dai-lhes-senhor-o-descanso-eterno-requiem,https://firebasestorage.googleapis.com/v0/b/oratio-imc.appspot.com/o/Content%2FOra%C3%A7%C3%B5es%2FOutras%2F1%2Frequiem.json?alt=media&token=f229ad8c-ddaf-4920-96f7-ba29d54dc595
devocao-das-9-primeiras-sextas-feiras-ao-sagrado-coracao,https://tstxvak.weebly.com/uploads/1/4/4/8/144864775/devocao-9-sextas-feiras-scj.json
espirito-santo-deus-de-amor-santo-tomas-de-aquino,https://firebasestorage.googleapis.com/v0/b/oratio-imc.appspot.com/o/Content%2FOra%C3%A7%C3%B5es%2FOutras%2F1%2Fespirito-santo-deus-de-amor.json?alt=media&token=8902e120-46cb-4566-978a-74fb4e755eb6
espirito-santo-inspirai-me-santa-miriam-de-jesus-crucificado,https://firebasestorage.googleapis.com/v0/b/oratio-imc.appspot.com/o/Content%2FOra%C3%A7%C3%B5es%2FOutras%2F1%2Fespirito-santo-inspirai-nos.json?alt=media&token=89efeafb-7939-4174-8628-fdac683abb6a
exame-de-consciencia-detalhado-a-partir-dos-mandamentos-de-deus-e-da-igreja,https://tstxvak.weebly.com/uploads/1/4/4/8/144864775/exame-consciencia-detalhado.json
exercicio-de-desagravo-pelo-carnaval,https://tstxvak.weebly.com/uploads/1/4/4/8/144864775/ato-desagravo-pelo-carnaval.json
gloria-a-deus-nas-alturas-gloria-in-excelsis-deo,https://firebasestorage.googleapis.com/v0/b/oratio-imc.appspot.com/o/Content%2FOra%C3%A7%C3%B5es%2FOutras%2F1%2Fgloria-a-deus-nas-alturas.json?alt=media&token=1a363437-b617-4ab6-a427-29c4564fdc47
gloria-ao-pai,https://tstxvak.weebly.com/uploads/1/4/4/8/144864775/gl%C3%B3ria_ao_pai.json
guia-para-confissao,https://tstxvak.weebly.com/uploads/1/4/4/8/144864775/guia-confissao.json
hora-santa,https://firebasestorage.googleapis.com/v0/b/oratio-imc.appspot.com/o/Content%2FOra%C3%A7%C3%B5es%2FOutras%2Fhora-santa.json?alt=media&token=24296a75-bc19-4ed2-b38f-b137effbc5c2
hora-santa-de-santa-gemma-galgani,https://firebasestorage.googleapis.com/v0/b/oratio-imc.appspot.com/o/Content%2FOra%C3%A7%C3%B5es%2FOutras%2Fhora-santa-sta-gemma.json?alt=media&token=86177294-f274-410f-a6ac-d54d0b9d9dc6
inspirai-o-senhor,https://firebasestorage.googleapis.com/v0/b/oratio-imc.appspot.com/o/Content%2FOra%C3%A7%C3%B5es%2FOutras%2F1%2Finpirai-o-senhor.json?alt=media&token=f1e2ed39-dd3e-4b2e-bd59-695c774b59bf
invocacao-ao-espirito-santo-pe-stefano-gobbi,https://firebasestorage.googleapis.com/v0/b/oratio-imc.appspot.com/o/Content%2FOra%C3%A7%C3%B5es%2FOutras%2F1%2Finvocacao-do-espirito-santo-pe-gobbi.json?alt=media&token=e09da8a3-bc4c-4d50-b1cc-f8e5690f9e07
ladainha-a-jesus-misericordioso-por-uma-boa-morte,https://tstxvak.weebly.com/uploads/1/4/4/8/144864775/ladainha-jesus-misericordioso-boa-mrte.json
ladainha-a-nossa-senhora-mae-da-divina-misericordia,https://tstxvak.weebly.com/uploads/1/4/4/8/144864775/ladainha-ns-mae-divina-misericordia.json
ladainha-a-sao-luis-maria-grignion-de-montfort,https://tstxvak.weebly.com/uploads/1/4/4/8/144864775/ladainha-s-luis-montfort.json
ladainha-a-sao-miguel-arcanjo,https://tstxvak.weebly.com/uploads/1/4/4/8/144864775/ladainha-s-miguel-arcanjo.json
ladainha-ao-menino-jesus-de-praga,https://tstxvak.weebly.com/uploads/1/4/4/8/144864775/ladainha-menino-jesus-prga.json
ladainha-ao-santissimo-nome-de-jesus,https://tstxvak.weebly.com/uploads/1/4/4/8/144864775/ladainha-ss-nome-jesus.json
ladainha-da-divina-misericordia,https://tstxvak.weebly.com/uploads/1/4/4/8/144864775/ladainha-divina-misericordia.json
ladainha-da-humildade,https://tstxvak.weebly.com/uploads/1/4/4/8/144864775/ladainha-humildade.json
ladainha-da-sagrada-cabeca-de-jesus,https://tstxvak.weebly.com/uploads/1/4/4/8/144864775/ladainha-sagrada-cabeca-jesus.json
ladainha-das-chagas-de-cristo,https://tstxvak.weebly.com/uploads/1/4/4/8/144864775/ladainha-chagas-cristo.json
ladainha-de-deus-pai,https://tstxvak.weebly.com/uploads/1/4/4/8/144864775/ladainha-deus-pai.json
ladainha-de-nossa-senhora,https://tstxvak.weebly.com/uploads/1/4/4/8/144864775/ladainha-nossa-senhora.json
ladainha-de-santa-filomena,https://cdn.oratioapp.com.br/content/oracoes/ladainhas/santa-filomena.json
ladainha-de-sao-filipe-neri,https://firebasestorage.googleapis.com/v0/b/oratio-imc.appspot.com/o/Content%2FOra%C3%A7%C3%B5es%2FLadainhas%2Fladainha-s-filipe-neri.json?alt=media&token=97f0d6dd-3d34-401b-92fd-63b4f3c0414d
ladainha-de-sao-jose,https://firebasestorage.googleapis.com/v0/b/oratio-imc.appspot.com/o/Content%2FOra%C3%A7%C3%B5es%2FOutras%2F1%2Fladainha-s-jos%C3%A9.json?alt=media&token=69af0542-47df-4f4c-ba3e-71bac5ab74f6
ladainha-do-espirito-santo,https://tstxvak.weebly.com/uploads/1/4/4/8/144864775/ladainha-espirito-santo.json
ladainha-do-preciosissimo-sangue-de-jesus,https://tstxvak.weebly.com/uploads/1/4/4/8/144864775/ladainha-preciosissimo-sangue-jesus.json
ladainha-do-sagrado-coracao-de-jesus,https://tstxvak.weebly.com/uploads/1/4/4/8/144864775/ladainha-sagrado-coracao-jesus.json
ladainha-pelas-almas-do-purgatorio,https://firebasestorage.googleapis.com/v0/b/oratio-imc.appspot.com/o/Content%2FOra%C3%A7%C3%B5es%2FLadainhas%2Fladainha-almas-purgatorii.json?alt=media&token=f7e768e2-2703-408c-aef1-fe736b9619eb
lembrai-vos,https://tstxvak.weebly.com/uploads/1/4/4/8/144864775/lembrai-vos.json
livrai-me-senhor-jesus,https://firebasestorage.googleapis.com/v0/b/oratio-imc.appspot.com/o/Content%2FOra%C3%A7%C3%B5es%2FOutras%2F1%2Flivrai-me-senhor-jesus.json?alt=media&token=388ad339-f295-4b4e-8ad0-43c724cbd13d
mes-com-o-sagrado-coracao-de-jesus,https://firebasestorage.googleapis.com/v0/b/oratio-imc.appspot.com/o/Content%2FOra%C3%A7%C3%B5es%2FDevo%C3%A7%C3%B5es%20especiais%2Fmes-sagrado-coracao-jesus2.json?alt=media&token=5e4138d8-070b-42c9-8090-6c16ac5336e8
mes-de-nossa-senhora,https://cdn.oratioapp.com.br/content/oracoes/devocoes-mensais/mes-de-maria.json
mes-de-sao-jose,https://tstxvak.weebly.com/uploads/1/4/4/8/144864775/mes_sao_jose.json
nove-meses-com-maria,https://tstxvak.weebly.com/uploads/1/4/4/8/144864775/novena-nove-meses-com-maria.json
novena-a-cristo-rei,https://tstxvak.weebly.com/uploads/1/4/4/8/144864775/novena_a_cristo_rei.json
novena-a-nossa-senhora-aparecida,https://tstxvak.weebly.com/uploads/1/4/4/8/144864775/novena_a_nossa_senhora_aparecida.json
novena-a-nossa-senhora-da-anunciacao,https://tstxvak.weebly.com/uploads/1/4/4/8/144864775/novena-nossa_senhora_da_anuncia%C3%A7%C3%A3o.json
novena-a-nossa-senhora-da-apresentacao,https://tstxvak.weebly.com/uploads/1/4/4/8/144864775/novena-nossa_senhora_da_apresenta%C3%A7%C3%A3o.json
novena-a-nossa-senhora-da-conceicao,https://tstxvak.weebly.com/uploads/1/4/4/8/144864775/novena-nossa_senhora_da_concei%C3%A7%C3%A3o.json
novena-a-nossa-senhora-das-candeias,https://tstxvak.weebly.com/uploads/1/4/4/8/144864775/novena-ns-candeias.json
novena-a-nossa-senhora-das-dores,https://tstxvak.weebly.com/uploads/1/4/4/8/144864775/novena_de_nossa_senhora_das_dores.json
novena-a-nossa-senhora-das-gracas,https://tstxvak.weebly.com/uploads/1/4/4/8/144864775/novena-ns-gracas.json
novena-a-nossa-senhora-de-fatima,https://tstxvak.weebly.com/uploads/1/4/4/8/144864775/novena_a_nossa_senhora_de_f%C3%A1tima.json
novena-a-nossa-senhora-de-guadalupe,https://tstxvak.weebly.com/uploads/1/4/4/8/144864775/novena_a_nossa_senhora_de_guadalupe.json
novena-a-nossa-senhora-de-lourdes,https://tstxvak.weebly.com/uploads/1/4/4/8/144864775/novena_a_nossa_senhora_de_lourdes.json
novena-a-nossa-senhora-do-brasil,https://tstxvak.weebly.com/uploads/1/4/4/8/144864775/novena-n-s-do-brasil.json
novena-a-nossa-senhora-do-carmo,https://tstxvak.weebly.com/uploads/1/4/4/8/144864775/novena_a_nossa_senhora_do_carmo.json
novena-a-nossa-senhora-do-desterro,https://tstxvak.weebly.com/uploads/1/4/4/8/144864775/novena-ns-desterro.json
novena-a-nossa-senhora-do-perpetuo-socorro,https://tstxvak.weebly.com/uploads/1/4/4/8/144864775/novena_nossa_senhora_do_perpetuo_socorro.json
novena-a-nossa-senhora-do-rosario,https://tstxvak.weebly.com/uploads/1/4/4/8/144864775/novena_a_nossa_senhora_do_ros%C3%A1rio.json
novena-a-sagrada-face,https://tstxvak.weebly.com/uploads/1/4/4/8/144864775/novena-sagrada-face.json
novena-a-sagrada-familia,https://tstxvak.weebly.com/uploads/1/4/4/8/144864775/novena_a_sagrada_fam%C3%ADlia.json
novena-a-santa-agueda,https://tstxvak.weebly.com/uploads/1/4/4/8/144864775/novena_de_santa_%C3%81gueda.json
novena-a-santa-bernadette-soubirous,https://tstxvak.weebly.com/uploads/1/4/4/8/144864775/novena-sta-bernadette-soubirous.json
novena-a-santa-catarina-de-alexandria,https://tstxvak.weebly.com/uploads/1/4/4/8/144864775/novena_a_santa_catarina_de_alexandria.json
novena-a-santa-catarina-de-sena,https://tstxvak.weebly.com/uploads/1/4/4/8/144864775/novena_a_santa_catarina_de_sena.json
novena-a-santa-cecilia,https://tstxvak.weebly.com/uploads/1/4/4/8/144864775/novena_de_santa_cec%C3%ADlia.json
novena-a-santa-clara-de-assis,https://tstxvak.weebly.com/uploads/1/4/4/8/144864775/novena_de_santa_clara_de_assis.json
novena-a-santa-edwiges,https://tstxvak.weebly.com/uploads/1/4/4/8/144864775/novena_a_santa_edwiges.json
novena-a-santa-escolastica,https://tstxvak.weebly.com/uploads/1/4/4/8/144864775/novena-sta-escolastica.json
novena-a-santa-faustina-kowalska,https://tstxvak.weebly.com/uploads/1/4/4/8/144864775/novena_santa_faustina.json
novena-a-santa-francisca-romana,https://tstxvak.weebly.com/uploads/1/4/4/8/144864775/novena_santa_francisca_romana.json
novena-a-santa-gemma-galgani,https://tstxvak.weebly.com/uploads/1/4/4/8/144864775/novena-sta-gemma-galgani.json
novena-a-santa-gertrudes,https://tstxvak.weebly.com/uploads/1/4/4/8/144864775/novena_santa_gertrudes.json
novena-a-santa-gianna-beretta-molla,https://tstxvak.weebly.com/uploads/1/4/4/8/144864775/novena-st-gianna-molla.json
novena-a-santa-ines,https://tstxvak.weebly.com/uploads/1/4/4/8/144864775/novena_santa_in%C3%AAs.json
novena-a-santa-isabel-da-hungria,https://tstxvak.weebly.com/uploads/1/4/4/8/144864775/novena_santa_isabel_da_hungria.json
novena-a-santa-isabel-de-portugal,https://tstxvak.weebly.com/uploads/1/4/4/8/144864775/novena_santa_isabel_de_portugal.json
novena-a-santa-luzia,https://tstxvak.weebly.com/uploads/1/4/4/8/144864775/novena_santa_luzia.json
novena-a-santa-margarida-maria-alacoque,https://tstxvak.weebly.com/uploads/1/4/4/8/144864775/novena_santa_margarida_maria_alacoque.json
novena-a-santa-maria-goretti,https://tstxvak.weebly.com/uploads/1/4/4/8/144864775/novena_santa_maria_goretti.json
novena-a-santa-maria-mae-de-deus,https://tstxvak.weebly.com/uploads/1/4/4/8/144864775/novena_santa_maria_m%C3%A3e_de_deus.json
novena-a-santa-monica,https://tstxvak.weebly.com/uploads/1/4/4/8/144864775/novena_a_santa_m%C3%B4nica.json
novena-a-santa-paulina-do-coracao-agonizante-de-jesus,https://tstxvak.weebly.com/uploads/1/4/4/8/144864775/novena_santa_paulina_do_cora%C3%A7%C3%A3o_agonizante_de_jesus.json
novena-a-santa-rita-de-cassia,https://tstxvak.weebly.com/uploads/1/4/4/8/144864775/novena_santa_rita_de_cassia.json
novena-a-santa-rosa-de-lima,https://tstxvak.weebly.com/uploads/1/4/4/8/144864775/novena_santa_rosa_de_lima.json
novena-a-santa-teresa-benedita-da-cruz-edith-stein,https://tstxvak.weebly.com/uploads/1/4/4/8/144864775/novena_santa_edith_stein.json
novena-a-santa-teresa-davila,https://tstxvak.weebly.com/uploads/1/4/4/8/144864775/novena_a_santa_teresa_d%C3%81vila.json
novena-a-santissima-trindade,https://tstxvak.weebly.com/uploads/1/4/4/8/144864775/novena_sant%C3%ADssima_trindade.json
novena-a-santo-afonso-maria-de-ligorio,https://tstxvak.weebly.com/uploads/1/4/4/8/144864775/novena-santo-afonso-de-ligorio.json
novena-a-santo-agostinho,https://tstxvak.weebly.com/uploads/1/4/4/8/144864775/novena-santo-agostinho-de-hipona.json
novena-a-santo-antonio,https://tstxvak.weebly.com/uploads/1/4/4/8/144864775/novena-santo-antonio-de-padua.json
novena-a-santo-antonio-maria-claret,https://tstxvak.weebly.com/uploads/1/4/4/8/144864775/novena-st-antonio-claret.json
novena-a-santo-expedito,https://tstxvak.weebly.com/uploads/1/4/4/8/144864775/novena-st-expedito.json
novena-a-santo-inacio-de-antioquia,https://tstxvak.weebly.com/uploads/1/4/4/8/144864775/novena-santo-inacio-antioquia.json
novena-a-santo-inacio-de-loyola,https://tstxvak.weebly.com/uploads/1/4/4/8/144864775/novena-st-inacio-de-loyola.json
novena-a-sao-bartolomeu,https://tstxvak.weebly.com/uploads/1/4/4/8/144864775/novena-sao-bartolomeu.json
novena-a-sao-bento,https://tstxvak.weebly.com/uploads/1/4/4/8/144864775/novena-sao-bento.json
novena-a-sao-caetano,https://tstxvak.weebly.com/uploads/1/4/4/8/144864775/novena-s-caetano.json
novena-a-sao-camilo-de-lellis,https://tstxvak.weebly.com/uploads/1/4/4/8/144864775/novena-sao-camilo-de-lellis.json
novena-a-sao-carlo-acutis,https://tstxvak.weebly.com/uploads/1/4/4/8/144864775/novena-carlo-acutis.json
novena-a-sao-charbel-makhlouf,https://tstxvak.weebly.com/uploads/1/4/4/8/144864775/novena-sao-charbel-makhlouf.json
novena-a-sao-domingos-de-gusmao,https://tstxvak.weebly.com/uploads/1/4/4/8/144864775/novena-s-domingos-de-gusmao.json
novena-a-sao-filipe-neri,https://firebasestorage.googleapis.com/v0/b/oratio-imc.appspot.com/o/Content%2FOra%C3%A7%C3%B5es%2FNovenas%2Fnovena-s-filipe-neri.json?alt=media&token=440b5c12-382a-443e-9c62-1c79288e61cb
novena-a-sao-francisco-de-assis,https://tstxvak.weebly.com/uploads/1/4/4/8/144864775/novena-s-francisco-assis.json
novena-a-sao-frei-galvao,https://tstxvak.weebly.com/uploads/1/4/4/8/144864775/novena-sao-frei-galvao.json
novena-a-sao-joao-batista,https://tstxvak.weebly.com/uploads/1/4/4/8/144864775/novena_de_s%C3%A3o_jo%C3%A3o_batista.json
novena-a-sao-joao-batista-de-la-salle,https://tstxvak.weebly.com/uploads/1/4/4/8/144864775/novena-s-joao-batista-de-la-salle.json
novena-a-sao-joao-da-cruz,https://tstxvak.weebly.com/uploads/1/4/4/8/144864775/novena-s-joao-da-cruz.json
novena-a-sao-joao-de-deus,https://tstxvak.weebly.com/uploads/1/4/4/8/144864775/novena-s-joao-de-deus.json
novena-a-sao-joao-maria-vianney,https://tstxvak.weebly.com/uploads/1/4/4/8/144864775/novena-s-joao-maria-vianney.json
novena-a-sao-joao-paulo-ii,https://tstxvak.weebly.com/uploads/1/4/4/8/144864775/novena-s-joao-paulo-ii.json
novena-a-sao-joaquim-e-santa-ana,https://tstxvak.weebly.com/uploads/1/4/4/8/144864775/novena-s-joaquim-sta-ana.json
novena-a-sao-jorge-da-capadocia,https://tstxvak.weebly.com/uploads/1/4/4/8/144864775/novena-s-jorge.json
novena-a-sao-jose,https://tstxvak.weebly.com/uploads/1/4/4/8/144864775/novena-s-jose.json
novena-a-sao-jose-de-anchieta,https://tstxvak.weebly.com/uploads/1/4/4/8/144864775/novena_sao_jose_de_anchieta.json
novena-a-sao-jose-de-cupertino,https://tstxvak.weebly.com/uploads/1/4/4/8/144864775/novena-s-jose-de-cupertino.json
novena-a-sao-jose-em-honra-das-sete-alegrias-e-dores,https://tstxvak.weebly.com/uploads/1/4/4/8/144864775/novena-s-jose-alegrias-dores.json
novena-a-sao-jose-operario,https://firebasestorage.googleapis.com/v0/b/oratio-storage.appspot.com/o/novena-s-jose-operario.json?alt=media&token=5f3e2459-f735-4920-87a4-4ab7592a2703
novena-a-sao-judas-tadeu,https://tstxvak.weebly.com/uploads/1/4/4/8/144864775/novena-s-judas-tadeu.json
novena-a-sao-lourenco,https://tstxvak.weebly.com/uploads/1/4/4/8/144864775/novena-sao-lourenco.json
novena-a-sao-lucas,https://tstxvak.weebly.com/uploads/1/4/4/8/144864775/novena-sao-lucas-evangelista.json
novena-a-sao-luis-e-santa-zelia-martin,https://tstxvak.weebly.com/uploads/1/4/4/8/144864775/novena-s-luis-sta-zelia-martin.json
novena-a-sao-luiz-gonzaga,https://tstxvak.weebly.com/uploads/1/4/4/8/144864775/novena_sao_luiz_gonzaga.json
novena-a-sao-maximiliano-maria-kolbe,https://tstxvak.weebly.com/uploads/1/4/4/8/144864775/novena-s-maximiliano-kolbe.json
novena-a-sao-pancracio,https://firebasestorage.googleapis.com/v0/b/oratio-imc.appspot.com/o/Content%2FOra%C3%A7%C3%B5es%2FNovenas%2Fnovena-s-pancracio.json?alt=media&token=0b7c6a68-c9cf-48e6-b839-d1ae143e6d69
novena-a-sao-patricio,https://tstxvak.weebly.com/uploads/1/4/4/8/144864775/novena-s-patricio.json
novena-a-sao-paulo-apostolo,https://tstxvak.weebly.com/uploads/1/4/4/8/144864775/novena-sao_paulo.json
novena-a-sao-paulo-da-cruz,https://tstxvak.weebly.com/uploads/1/4/4/8/144864775/novena-sao-paulo-da-cruz.json
novena-a-sao-pedro-apostolo,https://tstxvak.weebly.com/uploads/1/4/4/8/144864775/novena_sao_pedro_apostolo.json
novena-a-sao-pedro-de-alcantara,https://tstxvak.weebly.com/uploads/1/4/4/8/144864775/novena-s-pedro-alcantara.json
novena-a-sao-pedro-juliao-eymard,https://tstxvak.weebly.com/uploads/1/4/4/8/144864775/novena-s-pedro-juliao.json
novena-a-sao-peregrino,https://tstxvak.weebly.com/uploads/1/4/4/8/144864775/novena-s-peregrino.json
novena-a-sao-pio-de-pietrelcina,https://tstxvak.weebly.com/uploads/1/4/4/8/144864775/novena-s-pio-pietrelcina.json
novena-a-sao-pio-x,https://tstxvak.weebly.com/uploads/1/4/4/8/144864775/novena-s-pio-x.json
novena-a-sao-rafael-arnaiz-baron,https://tstxvak.weebly.com/uploads/1/4/4/8/144864775/novena-s-rafael-arnaiz.json
novena-a-sao-roque,https://tstxvak.weebly.com/uploads/1/4/4/8/144864775/novena-s-roque.json
novena-a-sao-valentim,https://tstxvak.weebly.com/uploads/1/4/4/8/144864775/novena-s-valentim.json
novena-a-sao-vicente-de-ferrer,https://tstxvak.weebly.com/uploads/1/4/4/8/144864775/novena-s-vicente-ferrer.json
novena-a-sao-vicente-de-paulo,https://tstxvak.weebly.com/uploads/1/4/4/8/144864775/novena-s-vicente-de-paulo.json
novena-a-todos-os-santos,https://tstxvak.weebly.com/uploads/1/4/4/8/144864775/novena-todos-os-santos.json
novena-ao-anjo-da-guarda,https://tstxvak.weebly.com/uploads/1/4/4/8/144864775/novena-sto-anjo-da-guarda.json
novena-ao-imaculado-coracao-de-maria,https://tstxvak.weebly.com/uploads/1/4/4/8/144864775/novena-imaculado_coracao_de_maria.json
novena-ao-sagrado-coracao-de-jesus,https://tstxvak.weebly.com/uploads/1/4/4/8/144864775/novena_do_sagrado_cora%C3%A7%C3%A3o_de_jesus.json
novena-ao-santissimo-nome-de-jesus,https://tstxvak.weebly.com/uploads/1/4/4/8/144864775/novena-santissimo-nome-de-jesus.json
novena-ao-santissimo-sacramento,https://tstxvak.weebly.com/uploads/1/4/4/8/144864775/novena-santissimo-sacramento.json
novena-ao-verbo-encarnado,https://tstxvak.weebly.com/uploads/1/4/4/8/144864775/novena-verbo-encarnado.json
novena-aos-beatos-inacio-de-azevedo-e-companheiros,https://tstxvak.weebly.com/uploads/1/4/4/8/144864775/novena-beatos_inacio_de_azevedo_e_companheiros.json
novena-aos-pastorinhos-jacinta-e-francisco,https://tstxvak.weebly.com/uploads/1/4/4/8/144864775/novena-pastorinhos-francisco-jacinta.json
novena-aos-santos-arcanjos,https://tstxvak.weebly.com/uploads/1/4/4/8/144864775/novena-stos-arcanjos.json
novena-consoladora-a-sao-rafael-arcanjo,https://tstxvak.weebly.com/uploads/1/4/4/8/144864775/novena-sao-rafael-arcanjo.json
novena-da-divina-misericordia,https://tstxvak.weebly.com/uploads/1/4/4/8/144864775/novena-divina_miseric%C3%B3rdia.json
novena-da-epifania-do-senhor,https://tstxvak.weebly.com/uploads/1/4/4/8/144864775/novena-epifania_do_senhor.json
novena-da-exaltacao-da-santa-cruz,https://tstxvak.weebly.com/uploads/1/4/4/8/144864775/novena-exaltacao_da_santa_cruz.json
novena-da-graca-de-sao-francisco-xavier,https://tstxvak.weebly.com/uploads/1/4/4/8/144864775/novena-gra%C3%A7a-s-francisco-xavier.json
novena-da-natividade-de-nossa-senhora,https://tstxvak.weebly.com/uploads/1/4/4/8/144864775/novena_da_natividade_de_nossa_senhora.json
novena-da-purificacao-de-nossa-senhora,https://tstxvak.weebly.com/uploads/1/4/4/8/144864775/novena-nossa_senhora_da_purifica%C3%A7%C3%A3o.json
novena-das-rosas-de-santa-teresinha,https://tstxvak.weebly.com/uploads/1/4/4/8/144864775/novena_das_rosas_santa_teresinha.json
novena-de-agradecimento-a-nossa-senhora-de-pompeia,https://tstxvak.weebly.com/uploads/1/4/4/8/144864775/novena-ns-pompeia-agradecimento.json
novena-de-natal-com-meditacoes-de-sao-leao-magno,https://tstxvak.weebly.com/uploads/1/4/4/8/144864775/novena_de_natal.json
novena-de-natal-de-santo-andre,https://tstxvak.weebly.com/uploads/1/4/4/8/144864775/novena-natal-st-andre.json
novena-de-nossa-senhora-da-assuncao,https://tstxvak.weebly.com/uploads/1/4/4/8/144864775/novena-nossa_senhora_da_assun%C3%A7%C3%A3o.json
novena-de-pentecostes,https://tstxvak.weebly.com/uploads/1/4/4/8/144864775/novena-pentecostes.json
novena-de-suplica-a-nossa-senhora-de-pompeia,https://tstxvak.weebly.com/uploads/1/4/4/8/144864775/novena-ns-pompeia-suplica.json
novena-pelas-almas-do-purgatorio,https://tstxvak.weebly.com/uploads/1/4/4/8/144864775/novena-almas_do_purgat%C3%B3rio.json
novena-vocacional-a-rainha-dos-apostolos,https://tstxvak.weebly.com/uploads/1/4/4/8/144864775/novena-rainha-dos-apostolos.json
o-boa-cruz,https://firebasestorage.googleapis.com/v0/b/oratio-imc.appspot.com/o/Content%2FOra%C3%A7%C3%B5es%2FOutras%2F1%2Fo-boa-cruz.json?alt=media&token=757bc7f7-65ea-4194-ab72-021d3c238114
o-hostia-santa,https://firebasestorage.googleapis.com/v0/b/oratio-imc.appspot.com/o/Content%2FOra%C3%A7%C3%B5es%2FOutras%2F1%2Foracao-o-hsotia-santa.json?alt=media&token=328c4be9-2783-45f0-9eb7-b2504e743647
o-salutaris-hostia,https://firebasestorage.googleapis.com/v0/b/oratio-imc.appspot.com/o/Content%2FOra%C3%A7%C3%B5es%2FOutras%2F1%2Fo-salutaris-hostia.json?alt=media&token=9f4c419d-a090-4dd2-bdc8-568334ccfbb9
oferecimento-do-dia,https://firebasestorage.googleapis.com/v0/b/oratio-imc.appspot.com/o/Content%2FOra%C3%A7%C3%B5es%2FOutras%2F1%2Foferecimento-do-dia.json?alt=media&token=1da22c95-7bff-4f53-8a9b-31d6ba3c1770
oferta-diaria-ao-espirito-santo-beata-elena-guerra,https://firebasestorage.googleapis.com/v0/b/oratio-imc.appspot.com/o/Content%2FOra%C3%A7%C3%B5es%2FOutras%2F1%2Foferta-diaria-ao-espirito-santo.json?alt=media&token=05ca420f-b3d7-441c-a6a7-fe06c1b8d32a
oficio-da-paixao-de-nosso-senhor,https://tstxvak.weebly.com/uploads/1/4/4/8/144864775/of%C3%ADcio_da_paix%C3%A3o_de_nosso_senhor.json
oficio-das-benditas-almas-do-purgatorio,https://tstxvak.weebly.com/uploads/1/4/4/8/144864775/of%C3%ADcio_das_benditas_almas_do_purgat%C3%B3rio.json
oficio-das-trevas,https://tstxvak.weebly.com/uploads/1/4/4/8/144864775/of%C3%ADcio_das_trevas.json
oficio-de-nossa-senhora,https://tstxvak.weebly.com/uploads/1/4/4/8/144864775/of%C3%ADcio_de_nossa_senhora.json
oficio-glorioso-de-sao-jose,https://tstxvak.weebly.com/uploads/1/4/4/8/144864775/oficio-s-jose.json
olhai-senhor-do-vosso-santuario,https://firebasestorage.googleapis.com/v0/b/oratio-imc.appspot.com/o/Content%2FOra%C3%A7%C3%B5es%2FOutras%2F1%2Folhai-senhor-do-vosso-santuario.json?alt=media&token=7fdbac64-f34d-484f-a260-3d2cef2dd67a
oracao-a-imaculada-conceicao-pelo-app-oratio,https://tstxvak.weebly.com/uploads/1/4/4/8/144864775/ora%C3%A7%C3%A3o_%C3%A0_imaculada_concei%C3%A7%C3%A3o_pelo_app_oratio.json
oracao-a-jesus-crucificado,https://firebasestorage.googleapis.com/v0/b/oratio-imc.appspot.com/o/Content%2FOra%C3%A7%C3%B5es%2FOutras%2F1%2Fa-jesus-crucificado.json?alt=media&token=7bae3607-653b-4bff-898d-5ae0d4f113da
oracao-a-jesus-crucificado-em-sufragio-das-almas-do-purgatorio,https://firebasestorage.googleapis.com/v0/b/oratio-imc.appspot.com/o/Content%2FOra%C3%A7%C3%B5es%2FOutras%2Foracao-jesus-crucificado.json?alt=media&token=c54a06b5-82e6-4c54-928c-79f43f027a28
oracao-a-jesus-sao-luis-de-montfort,https://firebasestorage.googleapis.com/v0/b/oratio-imc.appspot.com/o/Content%2FOra%C3%A7%C3%B5es%2FOutras%2F1%2Foracao-a-jesus-s-luis-montfort.json?alt=media&token=7dfac2e6-8bc4-4fbf-a2be-1eaf4cc0e98d
oracao-a-nossa-senhora-de-montligeon-pelas-almas-abandonadas-do-purgatorio,https://firebasestorage.googleapis.com/v0/b/oratio-imc.appspot.com/o/Content%2FOra%C3%A7%C3%B5es%2FOutras%2Fns-montligeon-pelas-almas.json?alt=media&token=b5877116-e6be-4611-90cb-d0bdcc7b707f
oracao-a-santa-cruz-pelas-almas,https://firebasestorage.googleapis.com/v0/b/oratio-imc.appspot.com/o/Content%2FOra%C3%A7%C3%B5es%2FOutras%2Foracao-sta-cruz-pelas-almas.json?alt=media&token=3f93cf32-91cd-4883-b8ca-db337c8af213
oracao-a-sao-jose-para-antes-do-trabalho,https://firebasestorage.googleapis.com/v0/b/oratio-imc.appspot.com/o/Content%2FOra%C3%A7%C3%B5es%2FOutras%2F1%2Foracao-s-jose-antes-do-trabalho.json?alt=media&token=aedd6695-f32f-42e5-aaba-2701569dcd44
oracao-a-sao-jose-pela-igreja-papa-leao-xiii,https://firebasestorage.googleapis.com/v0/b/oratio-imc.appspot.com/o/Content%2FOra%C3%A7%C3%B5es%2FOutras%2F1%2Foracao-s-jose-pela-igreja.json?alt=media&token=ab7c757f-5f00-4153-91d6-fcf8c6b491c3
oracao-a-sao-jose-pelas-almas-do-purgatorio,https://firebasestorage.googleapis.com/v0/b/oratio-imc.appspot.com/o/Content%2FOra%C3%A7%C3%B5es%2FOutras%2F1%2Fsao-jose-pelas-almas.json?alt=media&token=6cacf331-70d9-48cf-a147-94bec3584742
oracao-a-sao-miguel-arcanjo,https://tstxvak.weebly.com/uploads/1/4/4/8/144864775/ora%C3%A7%C3%A3o_a_s%C3%A3o_miguel_arcanjo.json
oracao-ao-espirito-santo,https://firebasestorage.googleapis.com/v0/b/oratio-imc.appspot.com/o/Content%2FOra%C3%A7%C3%B5es%2FOutras%2F1%2Foracao-ao-espirito-santo.json?alt=media&token=74975a04-e231-4d5c-9bd6-42e2d396bd34
oracao-contra-maus-pensamentos,https://firebasestorage.googleapis.com/v0/b/oratio-imc.appspot.com/o/Content%2FOra%C3%A7%C3%B5es%2FOutras%2F1%2Foracao-contra-maus-pensamentos.json?alt=media&token=cbdf5421-9d95-4a49-be68-4129c4313b79
oracao-da-medalha-de-sao-bento,https://firebasestorage.googleapis.com/v0/b/oratio-imc.appspot.com/o/Content%2FOra%C3%A7%C3%B5es%2FOutras%2F1%2Fmedalha-de-s-bento.json?alt=media&token=695a1e46-9b88-45a2-8db4-7b9eab9a94c5
oracao-da-medalha-milagrosa,https://firebasestorage.googleapis.com/v0/b/oratio-imc.appspot.com/o/Content%2FOra%C3%A7%C3%B5es%2FOutras%2F1%2Foracao-da-medalha-milagrosa.json?alt=media&token=d0640463-faf3-4f17-9671-23ff5c4d4a73
oracao-de-sao-nicolau-de-tolentino-pelas-almas-do-purgatorio,https://firebasestorage.googleapis.com/v0/b/oratio-imc.appspot.com/o/Content%2FOra%C3%A7%C3%B5es%2FOutras%2Foracao-de-s-nicolau-de-tolentino-pelas-almas.json?alt=media&token=4f4c021b-daa6-45a8-ae1f-9373b69f0a6e
oracao-para-alcancar-a-salvacao-santo-agostinho,https://firebasestorage.googleapis.com/v0/b/oratio-imc.appspot.com/o/Content%2FOra%C3%A7%C3%B5es%2FOutras%2F1%2Foracao-para-alcancar-a-propria-salvacao.json?alt=media&token=36801a38-f6c6-4995-bab1-193590921825
oracao-para-antes-de-comungar,https://firebasestorage.googleapis.com/v0/b/oratio-imc.appspot.com/o/Content%2FOra%C3%A7%C3%B5es%2FOutras%2F1%2Foracao-antes-de-comungar.json?alt=media&token=ae41ce59-2567-46cc-9988-8a16ef10da1d
oracao-para-antes-de-estudar-santo-tomas-de-aquino,https://firebasestorage.googleapis.com/v0/b/oratio-imc.appspot.com/o/Content%2FOra%C3%A7%C3%B5es%2FOutras%2F1%2Foracao-antes-de-estudar.json?alt=media&token=821b784c-3a70-4bdc-90fa-6fc67957200f
oracao-para-libertar-mil-almas-do-purgatorio,https://firebasestorage.googleapis.com/v0/b/oratio-imc.appspot.com/o/Content%2FOra%C3%A7%C3%B5es%2FOutras%2Foracao-sta-gertrudes-pelas-almas.json?alt=media&token=cc6220bd-cfe9-4a4c-9072-b9c924886d34
oracao-para-libertar-uma-alma-do-purgatorio,https://firebasestorage.googleapis.com/v0/b/oratio-imc.appspot.com/o/Content%2FOra%C3%A7%C3%B5es%2FOutras%2Foracao-para-libertar-uma-alma-purgatorio.json?alt=media&token=a2b04842-efa5-4de8-a54b-886db7434b9f
oracao-para-o-periodo-de-sede-vacante,https://tstxvak.weebly.com/uploads/1/4/4/8/144864775/oracao-para-sede-vacante.json
oracao-para-pedir-a-caridade-santo-afonso-de-ligorio,https://firebasestorage.googleapis.com/v0/b/oratio-imc.appspot.com/o/Content%2FOra%C3%A7%C3%B5es%2FOutras%2F1%2Foracao-para-pedir-a-caridade.json?alt=media&token=68e5f905-0ff2-4964-883d-978b8b18fa50
oracao-para-pedir-a-pureza,https://firebasestorage.googleapis.com/v0/b/oratio-imc.appspot.com/o/Content%2FOra%C3%A7%C3%B5es%2FOutras%2F1%2Foracao-para-pedir-a-pureza.json?alt=media&token=900a6288-a853-4f14-b2fa-17945580cee6
oracao-para-pedir-os-7-dons-do-espirito-santo,https://firebasestorage.googleapis.com/v0/b/oratio-imc.appspot.com/o/Content%2FOra%C3%A7%C3%B5es%2FOutras%2F1%2Fpara-pedir-o-7-dons-do-espirito-santo.json?alt=media&token=33f87cb8-b20f-4b60-9983-6466cdd5183b
oracao-pela-paz-da-igreja,https://firebasestorage.googleapis.com/v0/b/oratio-imc.appspot.com/o/Content%2FOra%C3%A7%C3%B5es%2FOutras%2F1%2Foracao-pela-paz-da-igreja.json?alt=media&token=c705039b-1131-437e-94dd-5952eeb3bddf
oracao-pelas-almas-do-purgatorio,https://firebasestorage.googleapis.com/v0/b/oratio-imc.appspot.com/o/Content%2FOra%C3%A7%C3%B5es%2FOutras%2Foracao-pelas-almas-do-purgatorio.json?alt=media&token=573a8045-c901-4c29-b2e4-a07ec9633e71
oracao-pelo-dom-das-lagrimas,https://firebasestorage.googleapis.com/v0/b/oratio-imc.appspot.com/o/Content%2FOra%C3%A7%C3%B5es%2FOutras%2F1%2Foracao-pelo-dom-das-lagrimas.json?alt=media&token=54c82f7e-64e5-4f8a-8ed8-93d9ca3f88e1
oracao-pelo-papa-leao-xiv,https://tstxvak.weebly.com/uploads/1/4/4/8/144864775/oracao-papa-leao-xiv.json
oracao-pelo-perdao-dos-pecados,https://firebasestorage.googleapis.com/v0/b/oratio-imc.appspot.com/o/Content%2FOra%C3%A7%C3%B5es%2FOutras%2F1%2Foracao-pelo-perdao-dos-pecados.json?alt=media&token=2d98de64-8cba-48e6-814b-56bcc5ede08c
oracao-pelos-agonizantes,https://firebasestorage.googleapis.com/v0/b/oratio-imc.appspot.com/o/Content%2FOra%C3%A7%C3%B5es%2FOutras%2F1%2Foracao-pelos-agonoizantes.json?alt=media&token=0e6addc0-4c60-4777-84bd-7a0c01de1837
oracao-pelos-fieis-defuntos,https://firebasestorage.googleapis.com/v0/b/oratio-imc.appspot.com/o/Content%2FOra%C3%A7%C3%B5es%2FOutras%2F1%2Foracao-pelos-fieis-defuntos.json?alt=media&token=918f30b8-0b79-44ac-80cd-f138e34e0da2
oracao-pelos-pais,https://firebasestorage.googleapis.com/v0/b/oratio-imc.appspot.com/o/Content%2FOra%C3%A7%C3%B5es%2FOutras%2F1%2Foracao-pelos-pais.json?alt=media&token=e0079c6c-cf9a-43cc-a941-66ecb7fd7b7b
oracao-pelos-pecadores,https://firebasestorage.googleapis.com/v0/b/oratio-imc.appspot.com/o/Content%2FOra%C3%A7%C3%B5es%2FOutras%2F1%2Foracao-pelos-pecadores.json?alt=media&token=345266df-1291-4697-985b-5556132898a3
oracao-pelos-sacerdotes-santa-teresinha,https://firebasestorage.googleapis.com/v0/b/oratio-imc.appspot.com/o/Content%2FOra%C3%A7%C3%B5es%2FOutras%2F1%2Foracao-pelos-sacerdotes-st-teresinha.json?alt=media&token=095e2141-d51a-40ad-9ce9-db0df3b7a817
oracao-universal-papa-clemente-xi,https://firebasestorage.googleapis.com/v0/b/oratio-imc.appspot.com/o/Content%2FOra%C3%A7%C3%B5es%2FOutras%2Foracao-universal-clemente-xi.json?alt=media&token=c57db1dc-71ec-4c46-887a-9fbc597c82f1
oracoes-ao-acordar,https://tstxvak.weebly.com/uploads/1/4/4/8/144864775/ora%C3%A7%C3%B5es_da_manha.json
oracoes-de-fatima,https://firebasestorage.googleapis.com/v0/b/oratio-imc.appspot.com/o/Content%2FOra%C3%A7%C3%B5es%2FOutras%2F1%2Foracao-da-fatima.json?alt=media&token=3183b6ab-8273-4dc9-b54a-6db6871821a0
oracoes-do-anjo-de-portugal,https://firebasestorage.googleapis.com/v0/b/oratio-imc.appspot.com/o/Content%2FOra%C3%A7%C3%B5es%2FOutras%2F1%2Foracao-do-anjo-de-portugal.json?alt=media&token=1722d67f-3756-4cbc-bf45-e09b62d8b105
oracoes-para-a-santa-missa,https://tstxvak.weebly.com/uploads/1/4/4/8/144864775/oracoes-antes-depois-missa.json
oracoes-para-antes-de-dormir,https://tstxvak.weebly.com/uploads/1/4/4/8/144864775/ora%C3%A7%C3%B5es_da_noite.json
oracoes-para-antes-e-depois-das-refeicoes,https://firebasestorage.googleapis.com/v0/b/oratio-imc.appspot.com/o/Content%2FOra%C3%A7%C3%B5es%2FOutras%2F1%2Foracoes-antes-e-depois-das-refeicoes.json?alt=media&token=1b723bdf-df1c-423c-8b77-9716cee76786
oracoes-para-depois-da-confissao,https://tstxvak.weebly.com/uploads/1/4/4/8/144864775/oracoes-depois-confissao.json
oracoes-para-pedir-a-paciencia,https://firebasestorage.googleapis.com/v0/b/oratio-imc.appspot.com/o/Content%2FOra%C3%A7%C3%B5es%2FOutras%2F1%2Foracao-para-pedir-a-paciencia.json?alt=media&token=d65d8a88-acb0-4fc0-ba99-07db93cedd60
oracoes-pela-alma-do-papa-francisco,https://tstxvak.weebly.com/uploads/1/4/4/8/144864775/pela-alma-do-papa-francisco.json
oracoes-pela-graca-da-boa-morte,https://firebasestorage.googleapis.com/v0/b/oratio-imc.appspot.com/o/Content%2FOra%C3%A7%C3%B5es%2FOutras%2F1%2Foracao-pela-graca-de-uma-boa-morte.json?alt=media&token=6d516427-bab9-4f06-a2d5-cf765b52e024
oracoes-pela-unidade-da-igreja,https://firebasestorage.googleapis.com/v0/b/oratio-imc.appspot.com/o/Content%2FOra%C3%A7%C3%B5es%2FOutras%2F1%2Foracao-pela-unidade-da-igreja.json?alt=media&token=03efbd7b-a372-44b9-8e5b-cc8d748aba21
oracoes-pelos-doentes,https://firebasestorage.googleapis.com/v0/b/oratio-imc.appspot.com/o/Content%2FOra%C3%A7%C3%B5es%2FOutras%2F1%2Foracao-pelos-doentes.json?alt=media&token=3e607937-81f9-42b0-a370-2e0faee84b7f
pai-nosso,https://tstxvak.weebly.com/uploads/1/4/4/8/144864775/pai_nosso.json
pai-nosso-pelas-almas-do-purgatorio,https://firebasestorage.googleapis.com/v0/b/oratio-imc.appspot.com/o/Content%2FOra%C3%A7%C3%B5es%2FOutras%2Fpai-nosso-pelas-almas.json?alt=media&token=8a7c19cc-96cd-4fdc-a637-d4fd4425609b
pange-lingua,https://firebasestorage.googleapis.com/v0/b/oratio-imc.appspot.com/o/Content%2FOra%C3%A7%C3%B5es%2FOutras%2F1%2Fpange-lingua.json?alt=media&token=f89b87e2-9b03-4905-9c90-49140d15ee81
quaresma-de-santa-filomena,https://cdn.oratioapp.com.br/content/oracoes/quaresmas/santa-filomena.json
quaresma-de-sao-miguel-arcanjo,https://tstxvak.weebly.com/uploads/1/4/4/8/144864775/quaresma-sao-miguel-arcanjo.json
regina-caeli,https://firebasestorage.googleapis.com/v0/b/oratio-imc.appspot.com/o/Content%2FOra%C3%A7%C3%B5es%2FOutras%2Fregina-caeli.json?alt=media&token=e62a6052-339e-4479-b8d9-926f768db31c
relogio-da-paixao,https://tstxvak.weebly.com/uploads/1/4/4/8/144864775/relogio_da_paixao.json
rosario-de-deus-pai,https://firebasestorage.googleapis.com/v0/b/oratio-imc.appspot.com/o/Content%2FOra%C3%A7%C3%B5es%2FTer%C3%A7os%20e%20Coroas%2Frosario-deus-pai.json?alt=media&token=e4d319a5-8acd-4d25-85de-cbf6720a72cb
salve-rainha,https://tstxvak.weebly.com/uploads/1/4/4/8/144864775/salve_rainha.json
salve-rainha-pelos-mortos,https://firebasestorage.googleapis.com/v0/b/oratio-imc.appspot.com/o/Content%2FOra%C3%A7%C3%B5es%2FOutras%2Fsalve-rainha-pelas-almas.json?alt=media&token=577674b7-aa10-439d-8afd-2d58bdb1e9cf
santa-maria-socorrei,https://firebasestorage.googleapis.com/v0/b/oratio-imc.appspot.com/o/Content%2FOra%C3%A7%C3%B5es%2FOutras%2F1%2Fsanta-maria-socorrei.json?alt=media&token=184aed7b-b3d5-45f8-b560-5016e3c6267a
santo-anjo,https://tstxvak.weebly.com/uploads/1/4/4/8/144864775/santo_anjo.json
santo-anjo-amparo-de-minhalma,https://firebasestorage.googleapis.com/v0/b/oratio-imc.appspot.com/o/Content%2FOra%C3%A7%C3%B5es%2FOutras%2F1%2Fsanto-anjo-amparo-de-minh-alma.json?alt=media&token=36cd2850-fb6b-4ec6-bdb1-20b0e8677bf2
santo-santo-santo,https://firebasestorage.googleapis.com/v0/b/oratio-imc.appspot.com/o/Content%2FOra%C3%A7%C3%B5es%2FOutras%2F1%2Fsanto-santo-santo-oracao.json?alt=media&token=c9ddbfbc-f191-4a3c-930e-20e3ea948478
sao-jose-pai-e-protetor-das-virgens,https://firebasestorage.googleapis.com/v0/b/oratio-imc.appspot.com/o/Content%2FOra%C3%A7%C3%B5es%2FOutras%2F1%2Fsao-jose-pai-e-protetor-das-virgens.json?alt=media&token=5dda64e6-f4fe-4723-9ae0-4cac8270df82
sinal-da-cruz,https://tstxvak.weebly.com/uploads/1/4/4/8/144864775/sinal_da_cruz.json
suplica-a-santissima-virgem-pelas-almas-do-purgatorio,https://firebasestorage.googleapis.com/v0/b/oratio-imc.appspot.com/o/Content%2FOra%C3%A7%C3%B5es%2FOutras%2Fsuplica-ns-pelas-almas.json?alt=media&token=f5ce94aa-d350-44db-b211-995daa870f91
te-deum,https://firebasestorage.googleapis.com/v0/b/oratio-imc.appspot.com/o/Content%2FOra%C3%A7%C3%B5es%2FOutras%2F1%2Foracao-te-deum.json?alt=media&token=3404e57e-1808-435d-b51f-8c55626a9314
terco-da-imaculada-conceicao,https://tstxvak.weebly.com/uploads/1/4/4/8/144864775/terco-imaculada-conceicao.json
terco-da-misericordia,https://tstxvak.weebly.com/uploads/1/4/4/8/144864775/terco_da_divina_misericordia.json
terco-da-sagrada-face,https://tstxvak.weebly.com/uploads/1/4/4/8/144864775/terco-sagrada-face.json
terco-da-sagrada-familia-de-nazare,https://tstxvak.weebly.com/uploads/1/4/4/8/144864775/terco-sagrada-familia.json
terco-de-sao-jose,https://tstxvak.weebly.com/uploads/1/4/4/8/144864775/terco-sao-jose-meditacao.json
terco-de-sao-miguel-arcanjo,https://tstxvak.weebly.com/uploads/1/4/4/8/144864775/terco_de_sao_miguel_arcanjo.json
terco-do-preciosissimo-sangue-de-jesus,https://tstxvak.weebly.com/uploads/1/4/4/8/144864775/terco_do_preciossimo_sangue_de_jesus.json
terco-pelas-almas-do-purgatorio,https://tstxvak.weebly.com/uploads/1/4/4/8/144864775/terco-almas-do-purgatorio.json
tomai-senhor-e-recebei-santo-inacio-de-loyola,https://firebasestorage.googleapis.com/v0/b/oratio-imc.appspot.com/o/Content%2FOra%C3%A7%C3%B5es%2FOutras%2F1%2Foracao-tomai-senhor-e-recebei.json?alt=media&token=0e5dad66-67be-4590-bee8-5827ad16b563
trezena-a-santo-antonio,https://tstxvak.weebly.com/uploads/1/4/4/8/144864775/trezena-santo-antonio-de-padua.json
trintena-a-sao-jose,https://tstxvak.weebly.com/uploads/1/4/4/8/144864775/trintena-s-jose.json
vem-espirito-santo-papa-pio-xii,https://firebasestorage.googleapis.com/v0/b/oratio-imc.appspot.com/o/Content%2FOra%C3%A7%C3%B5es%2FOutras%2F1%2Fvem-espirito-santo.json?alt=media&token=aa221a56-5035-408d-9a5f-bae21caaa37b
veni-creator-spiritus,https://firebasestorage.googleapis.com/v0/b/oratio-imc.appspot.com/o/Content%2FOra%C3%A7%C3%B5es%2FOutras%2Fveni-creator-spiritus.json?alt=media&token=a58b3706-de02-44c4-bb27-ee2d173e9984
via-sacra,https://tstxvak.weebly.com/uploads/1/4/4/8/144864775/via_sacra.json
vinde-espirito-santo,https://tstxvak.weebly.com/uploads/1/4/4/8/144864775/vinde_esp%C3%ADrito_santo.json