slug,Imagem
15-sabados-a-nossa-senhora-do-rosario,https://imcimage.weebly.com/uploads/1/4/4/8/144864775/15-s-bados-a-ns-do-ros-rio-20250516-011305-0027_orig.png
40-pai-nossos,https://imcimage.weebly.com/uploads/1/4/4/8/144864775/40-pai-nossos-20250516-011304-0022_orig.png
a-deus-uno-e-trino,https://imcimage.weebly.com/uploads/1/4/4/8/144864775/a-deus-uno-e-trino-20250627-153247-0009.png
a-vossa-protecao,https://imcimage.weebly.com/uploads/1/4/4/8/144864775/consagra-o-a-nossa-senhora-20241203-011544-0015_orig.png
adoro-te-devoto,https://imcimage.weebly.com/uploads/1/4/4/8/144864775/adoro-te-devote-20250627-153247-0010.png
alma-de-cristo-anima-christi,https://imcimage.weebly.com/uploads/1/4/4/8/144864775/alma-de-cristo-20250627-153247-0012_orig.png
alma-redemptoris-mater,https://imcimage.weebly.com/uploads/1/4/4/8/144864775/alma-redemptoris-mater-20250627-153248-0013.png
angelus,https://imcimage.weebly.com/uploads/1/4/4/8/144864775/ngelus-20240824-203947-0002_orig.png
angelus-latim,https://imcimage.weebly.com/uploads/1/4/4/8/144864775/ngelus-latim-20240824-203947-0003_orig.png
ato-de-abandono,https://imcimage.weebly.com/uploads/1/4/4/8/144864775/ato-de-abandono-20250627-153249-0018_orig.png
ato-de-caridade,https://imcimage.weebly.com/uploads/1/4/4/8/144864775/ato-de-caridade-20250627-153249-0019_orig.png
ato-de-confianca,https://imcimage.weebly.com/uploads/1/4/4/8/144864775/ato-de-confian-a-20250627-153249-0020_orig.png
ato-de-contricao,https://imcimage.weebly.com/uploads/1/4/4/8/144864775/ato-de-contri-o-20241203-011543-0011_orig.png
ato-de-esperanca,https://imcimage.weebly.com/uploads/1/4/4/8/144864775/ato-de-esperan-a-20250627-153249-0021_orig.png
ato-de-fe,https://imcimage.weebly.com/uploads/1/4/4/8/144864775/ato-de-f-20250627-153249-0022_orig.png
ave-jose,https://imcimage.weebly.com/uploads/1/4/4/8/144864775/ave-jos-20250627-153250-0023_orig.png
ave-maria,https://imcimage.weebly.com/uploads/1/4/4/8/144864775/ave-maria-20241203-011542-0005_orig.png
ave-maria-meditada-pelas-almas,https://imcimage.weebly.com/uploads/1/4/4/8/144864775/ave-maria-meditada-pelas-almas-20250516-011302-0013_orig.png
ave-rainha-dos-ceus,https://imcimage.weebly.com/uploads/1/4/4/8/144864775/ave-rainha-dos-c-us-20250627-153250-0024_orig.png
cantico-de-nossa-senhora-magnificat,https://imcimage.weebly.com/uploads/1/4/4/8/144864775/c-ntico-de-nossa-senhora-20250627-153250-0026_orig.png
cantico-de-zacarias-benedictus,https://imcimage.weebly.com/uploads/1/4/4/8/144864775/c-ntico-de-zacarias-20250627-153250-0027_orig.png
comunhao-espiritual,https://imcimage.weebly.com/uploads/1/4/4/8/144864775/comunh-o-espirititual-20250627-153250-0028_orig.png
confesso-a-deus,https://imcimage.weebly.com/uploads/1/4/4/8/144864775/confesso-a-deus-20241203-011544-0012_orig.png
consagracao-a-nossa-senhora,https://imcimage.weebly.com/uploads/1/4/4/8/144864775/a-vossa-prote-o-20241203-011544-0014_orig.png
cordeiro-de-deus-agnus-dei,https://imcimage.weebly.com/uploads/1/4/4/8/144864775/cordeiro-de-deus-20250627-153250-0030_orig.png
coroa-das-sete-dores-de-nossa-senhora,https://imcimage.weebly.com/uploads/1/4/4/8/144864775/coroa-das-sete-dores-de-nossa-senhora-20240824-203948-0006_orig.png
coroa-de-nossa-senhora-das-lagrimas,https://imcimage.weebly.com/uploads/1/4/4/8/144864775/capa-coroa-ns-l-grimas-20241014-111107-0000_orig.png
coroa-do-divino-espirito-santo,https://imcimage.weebly.com/uploads/1/4/4/8/144864775/coroa-do-divino-esp-rito-santo-20250516-011305-0026_orig.png
coroa-pelas-almas-do-purgatorio,https://imcimage.weebly.com/uploads/1/4/4/8/144864775/coroa-pelas-almas-20250516-011303-0018_orig.png
coroinha-de-nossa-senhora,https://imcimage.weebly.com/uploads/1/4/4/8/144864775/coroinha-20240824-203947-0004_orig.png
coroinha-de-nossa-senhora-latim,https://imcimage.weebly.com/uploads/1/4/4/8/144864775/coroinha-de-nossa-senhora-em-latim-20240824-203948-0005_orig.png
coroinha-de-santa-filomena,https://imcimage.weebly.com/uploads/1/4/4/8/144864775/ladainha-de-sta-filomena-20250516-011300-0003_orig.png
couraca-de-sao-patricio,https://imcimage.weebly.com/uploads/1/4/4/8/144864775/coura-a-de-s-o-patr-cio-20250516-011302-0016_orig.png
credo-apostolico,https://imcimage.weebly.com/uploads/1/4/4/8/144864775/credo-apost-lico-20241203-011543-0007_orig.png
credo-de-santo-atanasio,https://imcimage.weebly.com/uploads/1/4/4/8/144864775/credo-de-santo-atan-sio-20250627-154339-0029_orig.png
credo-niceno-constantinopolitano,https://imcimage.weebly.com/uploads/1/4/4/8/144864775/credo-niceno-20241203-011543-0008_orig.png
dai-lhes-senhor-o-descanso-eterno-requiem,https://imcimage.weebly.com/uploads/1/4/4/8/144864775/requiem-20250627-153251-0031_orig.png
devocao-das-9-primeiras-sextas-feiras-ao-sagrado-coracao,https://imcimage.weebly.com/uploads/1/4/4/8/144864775/c-pia-de-capa-ter-os-e-comuns-20241210-001737-0000_orig.png
espirito-santo-deus-de-amor-santo-tomas-de-aquino,https://imcimage.weebly.com/uploads/1/4/4/8/144864775/espirito-santo-deus-de-amor-st-tom-s-de-aquino-20250627-153246-0003_orig.png
espirito-santo-inspirai-me-santa-miriam-de-jesus-crucificado,https://imcimage.weebly.com/uploads/1/4/4/8/144864775/espirito-santo-inspiriai-nos-sta-miriam-de-jesus-20250627-153246-0005_orig.png
exame-de-consciencia-detalhado-a-partir-dos-mandamentos-de-deus-e-da-igreja,https://imcimage.weebly.com/uploads/1/4/4/8/144864775/exame-de-consci-ncia-detalhado-20250206-235403-0000_orig.png
exercicio-de-desagravo-pelo-carnaval,https://imcimage.weebly.com/uploads/1/4/4/8/144864775/ora-es-de-sacramentos-20250228-140710-0001_orig.png
gloria-a-deus-nas-alturas-gloria-in-excelsis-deo,https://imcimage.weebly.com/uploads/1/4/4/8/144864775/gloria-a-deus-nas-alturas-20250627-153251-0032_orig.png
gloria-ao-pai,https://imcimage.weebly.com/uploads/1/4/4/8/144864775/gl-ria-ao-pai-20241203-011543-0006_orig.png
guia-para-confissao,https://imcimage.weebly.com/uploads/1/4/4/8/144864775/guia-para-confiss-o-20250206-235403-0001_orig.png
hora-santa,https://imcimage.weebly.com/uploads/1/4/4/8/144864775/capa-hora-santa-20260311-153810-0000_orig.png
hora-santa-de-santa-gemma-galgani,https://imcimage.weebly.com/uploads/1/4/4/8/144864775/capa-hora-santa-20260311-153811-0001_orig.png
inspirai-o-senhor,https://imcimage.weebly.com/uploads/1/4/4/8/144864775/inspirai-senhor-20250627-154333-0000_orig.png
invocacao-ao-espirito-santo-pe-stefano-gobbi,https://imcimage.weebly.com/uploads/1/4/4/8/144864775/invoca-o-ao-espirito-santo-pe-stefano-20250627-153247-0007_orig.png
ladainha-a-jesus-misericordioso-por-uma-boa-morte,https://imcimage.weebly.com/uploads/1/4/4/8/144864775/jesus-misericordioso-por-uma-boa-morte-20250206-235558-0000_orig.png
ladainha-a-nossa-senhora-mae-da-divina-misericordia,https://imcimage.weebly.com/uploads/1/4/4/8/144864775/ns-senhora-m-e-da-divina-miseric-rdia-20250206-235558-0001_orig.png
ladainha-a-sao-luis-maria-grignion-de-montfort,https://imcimage.weebly.com/uploads/1/4/4/8/144864775/s-luis-montfort-20250206-235559-0008_orig.png
ladainha-a-sao-miguel-arcanjo,https://imcimage.weebly.com/uploads/1/4/4/8/144864775/s-miguel-arcanjo-20250206-235559-0006_orig.png
ladainha-ao-menino-jesus-de-praga,https://imcimage.weebly.com/uploads/1/4/4/8/144864775/menino-jesus-de-praga-20250206-235559-0005_orig.png
ladainha-ao-santissimo-nome-de-jesus,https://imcimage.weebly.com/uploads/1/4/4/8/144864775/ss-nome-de-jesus-20250206-235600-0013_orig.png
ladainha-da-divina-misericordia,https://imcimage.weebly.com/uploads/1/4/4/8/144864775/divina-miseric-rdia-20250206-235558-0002_orig.png
ladainha-da-humildade,https://imcimage.weebly.com/uploads/1/4/4/8/144864775/humildade-20250206-235559-0007_orig.png
ladainha-da-sagrada-cabeca-de-jesus,https://imcimage.weebly.com/uploads/1/4/4/8/144864775/sagrada-cabe-a-de-jesus-20250206-235558-0004_orig.png
ladainha-das-chagas-de-cristo,https://imcimage.weebly.com/uploads/1/4/4/8/144864775/chagas-de-cristo-20250206-235558-0003_orig.png
ladainha-de-deus-pai,https://imcimage.weebly.com/uploads/1/4/4/8/144864775/deus-pai-20250206-235559-0010_orig.png
ladainha-de-nossa-senhora,https://imcimage.weebly.com/uploads/1/4/4/8/144864775/nossa-senhora-20250206-235600-0012_orig.png
ladainha-de-santa-filomena,https://imcimage.weebly.com/uploads/1/4/4/8/144864775/coroinha-de-sta-filomena-20250516-011300-0004_orig.png
ladainha-de-sao-filipe-neri,https://imcimage.weebly.com/uploads/1/4/4/8/144864775/ladainha-de-s-o-filipe-neri-20250516-011305-0030_orig.png
ladainha-de-sao-jose,https://imcimage.weebly.com/uploads/1/4/4/8/144864775/ladainha-de-s-o-jos-20250627-153248-0015_orig.png
ladainha-do-espirito-santo,https://imcimage.weebly.com/uploads/1/4/4/8/144864775/esp-rito-santo-20250206-235600-0011_orig.png
ladainha-do-preciosissimo-sangue-de-jesus,https://imcimage.weebly.com/uploads/1/4/4/8/144864775/precios-ssimo-sangue-de-jesus-20250206-235559-0009_orig.png
ladainha-do-sagrado-coracao-de-jesus,https://imcimage.weebly.com/uploads/1/4/4/8/144864775/ladainha-do-sagrado-cora-o-de-jesus-20250516-011305-0029_orig.png
ladainha-pelas-almas-do-purgatorio,https://imcimage.weebly.com/uploads/1/4/4/8/144864775/ladainha-pelas-almas-20250516-011303-0017_orig.png
lembrai-vos,https://imcimage.weebly.com/uploads/1/4/4/8/144864775/lembrai-vos-20241203-011544-0013_orig.png
livrai-me-senhor-jesus,https://imcimage.weebly.com/uploads/1/4/4/8/144864775/livrai-me-senhor-jesus-20250627-154334-0001_orig.png
mes-com-o-sagrado-coracao-de-jesus,https://imcimage.weebly.com/uploads/1/4/4/8/144864775/m-s-com-o-sagrado-cora-o-de-jesus-20250516-011305-0028_orig.png
mes-de-nossa-senhora,https://img.oratioapp.com.br/capas/oracoes/devocoes-mensais/mes-de-maria.png
mes-de-sao-jose,https://imcimage.weebly.com/uploads/1/4/4/8/144864775/c-pia-de-capa-ter-os-e-comuns-20260202-171931-0000_orig.png
nove-meses-com-maria,https://imcimage.weebly.com/uploads/1/4/4/8/144864775/nove-meses-com-maria-20250205-114048-0016_orig.png
novena-a-cristo-rei,https://imcimage.weebly.com/uploads/1/4/4/8/144864775/cristo-rei-20241029-135229-0007_orig.png
novena-a-nossa-senhora-aparecida,https://imcimage.weebly.com/uploads/1/4/4/8/144864775/nossa-senhora-aparecida-20240925-225213-0011_orig.png
novena-a-nossa-senhora-da-anunciacao,https://imcimage.weebly.com/uploads/1/4/4/8/144864775/ns-anuncia-o-20250205-114049-0021_orig.png
novena-a-nossa-senhora-da-apresentacao,https://imcimage.weebly.com/uploads/1/4/4/8/144864775/ns-das-apresenta-o-20241029-135228-0005_orig.png
novena-a-nossa-senhora-da-conceicao,https://imcimage.weebly.com/uploads/1/4/4/8/144864775/imaculada-concei-o-20241029-135229-0009_orig.png
novena-a-nossa-senhora-das-candeias,https://imcimage.weebly.com/uploads/1/4/4/8/144864775/ns-candeias-20250205-114048-0014_orig.png
novena-a-nossa-senhora-das-dores,https://imcimage.weebly.com/uploads/1/4/4/8/144864775/nossa-senhora-das-dores-20240823-183042-0008_orig.png
novena-a-nossa-senhora-das-gracas,https://imcimage.weebly.com/uploads/1/4/4/8/144864775/ns-das-gra-as-20241029-135228-0002_orig.png
novena-a-nossa-senhora-de-fatima,https://imcimage.weebly.com/uploads/1/4/4/8/144864775/ns-f-tima-20250404-124524-0007_orig.png
novena-a-nossa-senhora-de-guadalupe,https://imcimage.weebly.com/uploads/1/4/4/8/144864775/ns-guadalupe-20241127-003227-0003_orig.png
novena-a-nossa-senhora-de-lourdes,https://imcimage.weebly.com/uploads/1/4/4/8/144864775/ns-lourdes-20250205-114048-0019_orig.png
novena-a-nossa-senhora-do-brasil,https://imcimage.weebly.com/uploads/1/4/4/8/144864775/nossa-senhora-do-brasil-20240823-183042-0005_orig.png
novena-a-nossa-senhora-do-carmo,https://imcimage.weebly.com/uploads/1/4/4/8/144864775/ns-do-carmo-20250404-124527-0027_orig.png
novena-a-nossa-senhora-do-desterro,https://imcimage.weebly.com/uploads/1/4/4/8/144864775/ns-desterro-20250205-114047-0009_orig.png
novena-a-nossa-senhora-do-perpetuo-socorro,https://imcimage.weebly.com/uploads/1/4/4/8/144864775/ns-do-perp-tuo-socorro-20250404-124526-0017_orig.png
novena-a-nossa-senhora-do-rosario,https://imcimage.weebly.com/uploads/1/4/4/8/144864775/nossa-senhora-do-ros-rio-20240823-183042-0011_orig.png
novena-a-sagrada-face,https://imcimage.weebly.com/uploads/1/4/4/8/144864775/sagrada-face-20250205-114046-0006_orig.png
novena-a-sagrada-familia,https://imcimage.weebly.com/uploads/1/4/4/8/144864775/sagrada-fam-lia-20241127-003227-0004_orig.png
novena-a-santa-agueda,https://imcimage.weebly.com/uploads/1/4/4/8/144864775/santa-gueda-20250205-114048-0018_orig.png
novena-a-santa-bernadette-soubirous,https://imcimage.weebly.com/uploads/1/4/4/8/144864775/sta-bernadette-soubirous-20250329-144634-0001_orig.png
novena-a-santa-catarina-de-alexandria,https://imcimage.weebly.com/uploads/1/4/4/8/144864775/sta-catarina-de-alexandria-20241029-135229-0008_orig.png
novena-a-santa-catarina-de-sena,https://imcimage.weebly.com/uploads/1/4/4/8/144864775/st-catarina-de-sena-20250404-124524-0006_orig.png
novena-a-santa-cecilia,https://imcimage.weebly.com/uploads/1/4/4/8/144864775/sta-cec-lia-20241029-135228-0006_orig.png
novena-a-santa-clara-de-assis,https://imcimage.weebly.com/uploads/1/4/4/8/144864775/sta-clara-de-assis-20250404-124529-0039_orig.png
novena-a-santa-edwiges,https://imcimage.weebly.com/uploads/1/4/4/8/144864775/santa-edwiges-20240925-225213-0013_orig.png
novena-a-santa-escolastica,https://imcimage.weebly.com/uploads/1/4/4/8/144864775/sta-escol-stica-20250205-114048-0015_orig.png
novena-a-santa-faustina-kowalska,https://imcimage.weebly.com/uploads/1/4/4/8/144864775/santa-faustina-20240823-183042-0010_orig.png
novena-a-santa-francisca-romana,https://imcimage.weebly.com/uploads/1/4/4/8/144864775/sta-francisca-romana-20250205-114048-0020_orig.png
novena-a-santa-gemma-galgani,https://imcimage.weebly.com/uploads/1/4/4/8/144864775/sta-gemma-galgani-20250329-144634-0000_orig.png
novena-a-santa-gertrudes,https://imcimage.weebly.com/uploads/1/4/4/8/144864775/sta-gertrudes-20241029-135228-0003_orig.png
novena-a-santa-gianna-beretta-molla,https://imcimage.weebly.com/uploads/1/4/4/8/144864775/st-gianna-20250404-124523-0000_orig.png
novena-a-santa-ines,https://imcimage.weebly.com/uploads/1/4/4/8/144864775/sta-in-s-20250205-114049-0022_orig.png
novena-a-santa-isabel-da-hungria,https://imcimage.weebly.com/uploads/1/4/4/8/144864775/sta-isabel-da-hungria-20241029-135228-0004_orig.png
novena-a-santa-isabel-de-portugal,https://imcimage.weebly.com/uploads/1/4/4/8/144864775/st-isabel-de-portugal-20250404-124526-0021_orig.png
novena-a-santa-luzia,https://imcimage.weebly.com/uploads/1/4/4/8/144864775/santa-luzia-20241127-003227-0002_orig.png
novena-a-santa-margarida-maria-alacoque,https://imcimage.weebly.com/uploads/1/4/4/8/144864775/santa-margarida-maria-alacoque-20240925-225213-0014_orig.png
novena-a-santa-maria-goretti,https://imcimage.weebly.com/uploads/1/4/4/8/144864775/sta-maria-goretti-20250404-124527-0022_orig.png
novena-a-santa-maria-mae-de-deus,https://imcimage.weebly.com/uploads/1/4/4/8/144864775/santa-maria-m-e-de-deus-20241127-003227-0005_orig.png
novena-a-santa-monica,https://imcimage.weebly.com/uploads/1/4/4/8/144864775/sta-m-nica-20250404-124530-0047_orig.png
novena-a-santa-paulina-do-coracao-agonizante-de-jesus,https://imcimage.weebly.com/uploads/1/4/4/8/144864775/sta-paulina-cora-o-agonizante-20250404-124527-0023_orig.png
novena-a-santa-rita-de-cassia,https://imcimage.weebly.com/uploads/1/4/4/8/144864775/st-rita-de-cassia-20250404-124524-0008_orig.png
novena-a-santa-rosa-de-lima,https://imcimage.weebly.com/uploads/1/4/4/8/144864775/sta-rosa-de-lima-20250404-124530-0045_orig.png
novena-a-santa-teresa-benedita-da-cruz-edith-stein,https://imcimage.weebly.com/uploads/1/4/4/8/144864775/sta-edith-stein-20250404-124529-0037_orig.png
novena-a-santa-teresa-davila,https://imcimage.weebly.com/uploads/1/4/4/8/144864775/santa-teresa-d-vila-20240925-225213-0012_orig.png
novena-a-santissima-trindade,https://imcimage.weebly.com/uploads/1/4/4/8/144864775/ss-trindade-20250404-124525-0012_orig.png
novena-a-santo-afonso-maria-de-ligorio,https://imcimage.weebly.com/uploads/1/4/4/8/144864775/sto-afonso-20250404-124528-0032_orig.png
novena-a-santo-agostinho,https://imcimage.weebly.com/uploads/1/4/4/8/144864775/sto-agostinho-20250404-124531-0048_orig.png
novena-a-santo-antonio,https://imcimage.weebly.com/uploads/1/4/4/8/144864775/st-ant-nio-20250404-124524-0011_orig.png
novena-a-santo-antonio-maria-claret,https://imcimage.weebly.com/uploads/1/4/4/8/144864775/santo-ant-nio-maria-claret-20240925-225212-0004_orig.png
novena-a-santo-expedito,https://imcimage.weebly.com/uploads/1/4/4/8/144864775/st-expedito-20250404-124523-0001_orig.png
novena-a-santo-inacio-de-antioquia,https://imcimage.weebly.com/uploads/1/4/4/8/144864775/santo-in-cio-de-antioquia-20240925-225211-0000_orig.png
novena-a-santo-inacio-de-loyola,https://imcimage.weebly.com/uploads/1/4/4/8/144864775/st-in-cio-de-loyola-20250404-124528-0031_orig.png
novena-a-sao-bartolomeu,https://imcimage.weebly.com/uploads/1/4/4/8/144864775/s-bartolomeu-20250404-124530-0046_orig.png
novena-a-sao-bento,https://imcimage.weebly.com/uploads/1/4/4/8/144864775/s-bento-20250404-124527-0024_orig.png
novena-a-sao-caetano,https://imcimage.weebly.com/uploads/1/4/4/8/144864775/s-caetano-20250404-124529-0035_orig.png
novena-a-sao-camilo-de-lellis,https://imcimage.weebly.com/uploads/1/4/4/8/144864775/s-camilo-de-lellis-20250404-124527-0026_orig.png
novena-a-sao-carlo-acutis,https://imcimage.weebly.com/uploads/1/4/4/8/144864775/carlo-acutis-20240925-225212-0008_orig.png
novena-a-sao-charbel-makhlouf,https://imcimage.weebly.com/uploads/1/4/4/8/144864775/s-charbel-20250404-124528-0029_orig.png
novena-a-sao-domingos-de-gusmao,https://imcimage.weebly.com/uploads/1/4/4/8/144864775/s-domingos-de-gusm-o-20250404-124529-0036_orig.png
novena-a-sao-filipe-neri,https://imcimage.weebly.com/uploads/1/4/4/8/144864775/novena-s-o-filipe-neri-20250516-011259-0001_orig.png
novena-a-sao-francisco-de-assis,https://imcimage.weebly.com/uploads/1/4/4/8/144864775/s-o-francisco-de-assis-20240823-183042-0004_orig.png
novena-a-sao-frei-galvao,https://imcimage.weebly.com/uploads/1/4/4/8/144864775/s-o-frei-galv-o-20240925-225212-0005_orig.png
novena-a-sao-joao-batista,https://imcimage.weebly.com/uploads/1/4/4/8/144864775/s-jo-o-batista-20250404-124525-0015_orig.png
novena-a-sao-joao-batista-de-la-salle,https://imcimage.weebly.com/uploads/1/4/4/8/144864775/s-jo-o-batista-de-la-salle-20250205-114046-0005_orig.png
novena-a-sao-joao-da-cruz,https://imcimage.weebly.com/uploads/1/4/4/8/144864775/s-jo-o-da-cruz-20241127-003226-0001_orig.png
novena-a-sao-joao-de-deus,https://imcimage.weebly.com/uploads/1/4/4/8/144864775/s-jo-o-de-deus-20250205-114045-0000_orig.png
novena-a-sao-joao-maria-vianney,https://imcimage.weebly.com/uploads/1/4/4/8/144864775/s-jo-o-maria-vianney-20250404-124528-0034_orig.png
novena-a-sao-joao-paulo-ii,https://imcimage.weebly.com/uploads/1/4/4/8/144864775/s-o-jo-o-paulo-ii-20240925-225212-0003_orig.png
novena-a-sao-joaquim-e-santa-ana,https://imcimage.weebly.com/uploads/1/4/4/8/144864775/s-joaquim-e-sta-ana-20250404-124528-0030_orig.png
novena-a-sao-jorge-da-capadocia,https://imcimage.weebly.com/uploads/1/4/4/8/144864775/s-jorge-20250329-144634-0002_orig.png
novena-a-sao-jose,https://imcimage.weebly.com/uploads/1/4/4/8/144864775/s-jos-20250205-114045-0002_orig.png
novena-a-sao-jose-de-anchieta,https://imcimage.weebly.com/uploads/1/4/4/8/144864775/s-jos-de-anchieta-20250404-124524-0010_orig.png
novena-a-sao-jose-de-cupertino,https://imcimage.weebly.com/uploads/1/4/4/8/144864775/s-o-jos-de-cupertino-20240823-183042-0006_orig.png
novena-a-sao-jose-em-honra-das-sete-alegrias-e-dores,https://imcimage.weebly.com/uploads/1/4/4/8/144864775/s-jos-alegrias-e-dores-20250205-114047-0011_orig.png
novena-a-sao-jose-operario,https://imcimage.weebly.com/uploads/1/4/4/8/144864775/s-jos-oper-rio-20250404-124524-0004_orig.png
novena-a-sao-judas-tadeu,https://imcimage.weebly.com/uploads/1/4/4/8/144864775/s-o-judas-tadeu-20240925-225212-0006_orig.png
novena-a-sao-lourenco,https://imcimage.weebly.com/uploads/1/4/4/8/144864775/s-louren-o-20250404-124529-0038_orig.png
novena-a-sao-lucas,https://imcimage.weebly.com/uploads/1/4/4/8/144864775/s-o-lucas-20240925-225212-0001_orig.png
novena-a-sao-luis-e-santa-zelia-martin,https://imcimage.weebly.com/uploads/1/4/4/8/144864775/s-luiz-e-sta-zelia-20250404-124527-0025_orig.png
novena-a-sao-luiz-gonzaga,https://imcimage.weebly.com/uploads/1/4/4/8/144864775/s-luiz-gonzaga-20250404-124525-0014_orig.png
novena-a-sao-maximiliano-maria-kolbe,https://imcimage.weebly.com/uploads/1/4/4/8/144864775/s-maximiliano-kolbe-20250404-124529-0040_orig.png
novena-a-sao-pancracio,https://imcimage.weebly.com/uploads/1/4/4/8/144864775/novena-s-o-pancr-cio-20250516-011259-0000_orig.png
novena-a-sao-patricio,https://imcimage.weebly.com/uploads/1/4/4/8/144864775/s-patr-cio-20250205-114045-0001_orig.png
novena-a-sao-paulo-apostolo,https://imcimage.weebly.com/uploads/1/4/4/8/144864775/s-paulo-ap-stolo-20250404-124526-0019_orig.png
novena-a-sao-paulo-da-cruz,https://imcimage.weebly.com/uploads/1/4/4/8/144864775/s-o-paulo-da-cruz-20240925-225212-0002_orig.png
novena-a-sao-pedro-apostolo,https://imcimage.weebly.com/uploads/1/4/4/8/144864775/s-pedro-ap-stolo-20250404-124526-0020_orig.png
novena-a-sao-pedro-de-alcantara,https://imcimage.weebly.com/uploads/1/4/4/8/144864775/s-o-pedro-alc-ntara-20240925-225213-0010_orig.png
novena-a-sao-pedro-juliao-eymard,https://imcimage.weebly.com/uploads/1/4/4/8/144864775/s-pedro-juli-o-20250404-124528-0033_orig.png
novena-a-sao-peregrino,https://imcimage.weebly.com/uploads/1/4/4/8/144864775/s-peregrino-20250404-124523-0002_orig.png
novena-a-sao-pio-de-pietrelcina,https://imcimage.weebly.com/uploads/1/4/4/8/144864775/s-o-pio-de-pietrelcina-20240823-183041-0000_orig.png
novena-a-sao-pio-x,https://imcimage.weebly.com/uploads/1/4/4/8/144864775/s-pio-x-20250404-124530-0043_orig.png
novena-a-sao-rafael-arnaiz-baron,https://imcimage.weebly.com/uploads/1/4/4/8/144864775/s-rafael-arnaiz-20250404-124523-0003_orig.png
novena-a-sao-roque,https://imcimage.weebly.com/uploads/1/4/4/8/144864775/s-roque-20250404-124530-0042_orig.png
novena-a-sao-valentim,https://imcimage.weebly.com/uploads/1/4/4/8/144864775/s-valentim-20250205-114046-0007_orig.png
novena-a-sao-vicente-de-ferrer,https://imcimage.weebly.com/uploads/1/4/4/8/144864775/s-vicente-ferrer-20250205-114046-0004_orig.png
novena-a-sao-vicente-de-paulo,https://imcimage.weebly.com/uploads/1/4/4/8/144864775/s-o-vicente-de-paulo-20240823-183041-0001_orig.png
novena-a-todos-os-santos,https://imcimage.weebly.com/uploads/1/4/4/8/144864775/todos-os-santos-20240925-225212-0007_orig.png
novena-ao-anjo-da-guarda,https://imcimage.weebly.com/uploads/1/4/4/8/144864775/santo-anjo-da-guarda-20240823-183041-0003_orig.png
novena-ao-imaculado-coracao-de-maria,https://imcimage.weebly.com/uploads/1/4/4/8/144864775/ic-de-maria-20250404-124526-0018_orig.png
novena-ao-sagrado-coracao-de-jesus,https://imcimage.weebly.com/uploads/1/4/4/8/144864775/sc-jesus-20250404-124526-0016_orig.png
novena-ao-santissimo-nome-de-jesus,https://imcimage.weebly.com/uploads/1/4/4/8/144864775/ss-nome-de-jesus-20241127-003227-0006_orig.png
novena-ao-santissimo-sacramento,https://imcimage.weebly.com/uploads/1/4/4/8/144864775/ss-sacramento-20250404-124525-0013_orig.png
novena-ao-verbo-encarnado,https://imcimage.weebly.com/uploads/1/4/4/8/144864775/verbo-encarnado-20250205-114047-0010_orig.png
novena-aos-beatos-inacio-de-azevedo-e-companheiros,https://imcimage.weebly.com/uploads/1/4/4/8/144864775/b-in-cio-de-azevedo-20250404-124527-0028_orig.png
novena-aos-pastorinhos-jacinta-e-francisco,https://imcimage.weebly.com/uploads/1/4/4/8/144864775/pastorinhos-jacinta-e-francisco-20250205-114046-0008_orig.png
novena-aos-santos-arcanjos,https://imcimage.weebly.com/uploads/1/4/4/8/144864775/santos-arcanjos-20240823-183041-0002_orig.png
novena-consoladora-a-sao-rafael-arcanjo,https://imcimage.weebly.com/uploads/1/4/4/8/144864775/s-o-rafael-20240925-225213-0009_orig.png
novena-da-divina-misericordia,https://imcimage.weebly.com/uploads/1/4/4/8/144864775/divina-miseric-rdia-20250404-124524-0005_orig.png
novena-da-epifania-do-senhor,https://imcimage.weebly.com/uploads/1/4/4/8/144864775/epifania-20241127-003227-0007_orig.png
novena-da-exaltacao-da-santa-cruz,https://imcimage.weebly.com/uploads/1/4/4/8/144864775/exalta-o-da-santa-cruz-20240823-183042-0007_orig.png
novena-da-graca-de-sao-francisco-xavier,https://imcimage.weebly.com/uploads/1/4/4/8/144864775/gra-a-s-francisco-xavier-20241029-135228-0001_orig.png
novena-da-natividade-de-nossa-senhora,https://imcimage.weebly.com/uploads/1/4/4/8/144864775/natividade-de-ns-20250404-124531-0049_orig.png
novena-da-purificacao-de-nossa-senhora,https://imcimage.weebly.com/uploads/1/4/4/8/144864775/purifica-o-de-ns-20250205-114049-0023_orig.png
novena-das-rosas-de-santa-teresinha,https://imcimage.weebly.com/uploads/1/4/4/8/144864775/santa-teresinha-20240823-183042-0009_orig.png
novena-de-agradecimento-a-nossa-senhora-de-pompeia,https://imcimage.weebly.com/uploads/1/4/4/8/144864775/ns-pomp-ia-agradecimento-20250205-114047-0013_orig.png
novena-de-natal-com-meditacoes-de-sao-leao-magno,https://imcimage.weebly.com/uploads/1/4/4/8/144864775/natal-20241127-003228-0008_orig.png
novena-de-natal-de-santo-andre,https://imcimage.weebly.com/uploads/1/4/4/8/144864775/natal-de-st-andr-20241029-135228-0000_orig.png
novena-de-nossa-senhora-da-assuncao,https://imcimage.weebly.com/uploads/1/4/4/8/144864775/ns-assun-o-20250404-124530-0041_orig.png
novena-de-pentecostes,https://imcimage.weebly.com/uploads/1/4/4/8/144864775/pentecostes-20250404-124524-0009_orig.png
novena-de-suplica-a-nossa-senhora-de-pompeia,https://imcimage.weebly.com/uploads/1/4/4/8/144864775/ns-pomp-ia-s-plica-20250205-114047-0012_orig.png
novena-pelas-almas-do-purgatorio,https://imcimage.weebly.com/uploads/1/4/4/8/144864775/almas-do-purgat-rio-20240925-225213-0015_orig.png
novena-vocacional-a-rainha-dos-apostolos,https://imcimage.weebly.com/uploads/1/4/4/8/144864775/vocacional-rainha-dos-ap-stolos-20250404-124530-0044_orig.png
o-boa-cruz,https://imcimage.weebly.com/uploads/1/4/4/8/144864775/boa-cruz-20250627-154334-0003_orig.png
o-hostia-santa,https://imcimage.weebly.com/uploads/1/4/4/8/144864775/h-stia-santo-20250627-154339-0032_orig.png
o-salutaris-hostia,https://imcimage.weebly.com/uploads/1/4/4/8/144864775/o-salutaris-hostia-20250627-154335-0009_orig.png
oferecimento-do-dia,https://imcimage.weebly.com/uploads/1/4/4/8/144864775/oferecimento-da-cruz-20250627-154334-0004_orig.png
oferta-diaria-ao-espirito-santo-beata-elena-guerra,https://imcimage.weebly.com/uploads/1/4/4/8/144864775/oferta-di-ria-ao-espirito-santo-bta-elena-guerra-20250627-153247-0006_orig.png
oficio-da-paixao-de-nosso-senhor,https://imcimage.weebly.com/uploads/1/4/4/8/144864775/of-cio-da-paix-o-20241129-161103-0003_orig.png
oficio-das-benditas-almas-do-purgatorio,https://imcimage.weebly.com/uploads/1/4/4/8/144864775/of-cio-das-almas-20241129-161103-0001_orig.png
oficio-das-trevas,https://imcimage.weebly.com/uploads/1/4/4/8/144864775/of-cio-das-trevas-20241129-161103-0002_orig.png
oficio-de-nossa-senhora,https://imcimage.weebly.com/uploads/1/4/4/8/144864775/of-cio-de-nossa-senhora-20241129-161102-0000_orig.png
oficio-glorioso-de-sao-jose,https://imcimage.weebly.com/uploads/1/4/4/8/144864775/of-cio-s-jos-20250205-114048-0017_orig.png
olhai-senhor-do-vosso-santuario,https://imcimage.weebly.com/uploads/1/4/4/8/144864775/olhai-senhor-do-vosso-santu-rio-20250627-154334-0005_orig.png
oracao-a-imaculada-conceicao-pelo-app-oratio,https://imcimage.weebly.com/uploads/1/4/4/8/144864775/capa-ora-es-extraordin-rias-20251208-004654-0000_orig.png
oracao-a-jesus-crucificado,https://imcimage.weebly.com/uploads/1/4/4/8/144864775/ora-o-a-jesus-crucificado-20250627-153247-0011_orig.png
oracao-a-jesus-crucificado-em-sufragio-das-almas-do-purgatorio,https://imcimage.weebly.com/uploads/1/4/4/8/144864775/ora-o-a-jesus-crucificado-pelas-almas-20250516-011300-0007_orig.png
oracao-a-jesus-sao-luis-de-montfort,https://imcimage.weebly.com/uploads/1/4/4/8/144864775/ora-o-a-jesus-s-lu-s-de-montfort-20250627-153247-0008_orig.png
oracao-a-nossa-senhora-de-montligeon-pelas-almas-abandonadas-do-purgatorio,https://imcimage.weebly.com/uploads/1/4/4/8/144864775/ora-o-a-ns-de-montligeon-pelas-almas-abandonadas-20250516-011300-0006_orig.png
oracao-a-santa-cruz-pelas-almas,https://imcimage.weebly.com/uploads/1/4/4/8/144864775/ora-o-a-sta-cruz-pelas-almas-20250516-011301-0008_orig.png
oracao-a-sao-jose-para-antes-do-trabalho,https://imcimage.weebly.com/uploads/1/4/4/8/144864775/ora-o-a-s-o-jos-para-antes-do-trabalho-20250627-153249-0017.png
oracao-a-sao-jose-pela-igreja-papa-leao-xiii,https://imcimage.weebly.com/uploads/1/4/4/8/144864775/ora-o-a-s-jos-pela-igreja-20250627-153248-0016_orig.png
oracao-a-sao-jose-pelas-almas-do-purgatorio,https://imcimage.weebly.com/uploads/1/4/4/8/144864775/s-jos-pelas-almas-20250627-153245-0000_orig.png
oracao-a-sao-miguel-arcanjo,https://imcimage.weebly.com/uploads/1/4/4/8/144864775/s-o-miguel-20241203-011544-0017_orig.png
oracao-ao-espirito-santo,https://imcimage.weebly.com/uploads/1/4/4/8/144864775/ao-espirito-santo-20250627-153246-0001_orig.png
oracao-contra-maus-pensamentos,https://imcimage.weebly.com/uploads/1/4/4/8/144864775/ora-o-contra-maus-pensamentos-20250627-153250-0029_orig.png
oracao-da-medalha-de-sao-bento,https://imcimage.weebly.com/uploads/1/4/4/8/144864775/medalha-de-s-o-bento-20250627-154334-0002_orig.png
oracao-da-medalha-milagrosa,https://imcimage.weebly.com/uploads/1/4/4/8/144864775/ora-o-da-medalha-milagrosa-20250627-154335-0006_orig.png
oracao-de-sao-nicolau-de-tolentino-pelas-almas-do-purgatorio,https://imcimage.weebly.com/uploads/1/4/4/8/144864775/ora-o-de-s-o-nicolau-de-tolentino-pelas-almas-20250516-011301-0010_orig.png
oracao-para-alcancar-a-salvacao-santo-agostinho,https://imcimage.weebly.com/uploads/1/4/4/8/144864775/ora-o-para-alcan-ar-a-salva-o-sto-agostinho-20250627-154337-0016_orig.png
oracao-para-antes-de-comungar,https://imcimage.weebly.com/uploads/1/4/4/8/144864775/antes-de-comungar-20250627-174826-0000.png
oracao-para-antes-de-estudar-santo-tomas-de-aquino,https://imcimage.weebly.com/uploads/1/4/4/8/144864775/ora-o-para-antes-de-estudar-sto-tom-s-de-aquino-20250627-153248-0014_orig.png
oracao-para-libertar-mil-almas-do-purgatorio,https://imcimage.weebly.com/uploads/1/4/4/8/144864775/ora-o-para-libertar-mil-almas-20250516-011301-0011_orig.png
oracao-para-libertar-uma-alma-do-purgatorio,https://imcimage.weebly.com/uploads/1/4/4/8/144864775/ora-o-para-libertar-uma-alma-do-purgat-rio-20250516-011302-0015_orig.png
oracao-para-o-periodo-de-sede-vacante,https://imcimage.weebly.com/uploads/1/4/4/8/144864775/2-20250421-182556-0001_orig.png
oracao-para-pedir-a-caridade-santo-afonso-de-ligorio,https://imcimage.weebly.com/uploads/1/4/4/8/144864775/ora-o-para-pedir-a-caridade-sto-afonso-de-lig-rio-20250627-154335-0011_orig.png
oracao-para-pedir-a-pureza,https://imcimage.weebly.com/uploads/1/4/4/8/144864775/ora-es-para-pedir-a-pureza-20250627-154336-0013_orig.png
oracao-para-pedir-os-7-dons-do-espirito-santo,https://imcimage.weebly.com/uploads/1/4/4/8/144864775/para-pedir-os-7-dons-do-espirito-santo-20250627-153246-0004_orig.png
oracao-pela-paz-da-igreja,https://imcimage.weebly.com/uploads/1/4/4/8/144864775/ora-o-pela-paz-da-igreja-20250627-154337-0015_orig.png
oracao-pelas-almas-do-purgatorio,https://imcimage.weebly.com/uploads/1/4/4/8/144864775/ora-o-pelas-almas-do-purgat-rio-20250516-011301-0009_orig.png
oracao-pelo-dom-das-lagrimas,https://imcimage.weebly.com/uploads/1/4/4/8/144864775/ora-o-pelo-dom-das-l-grimas-20250627-154337-0018_orig.png
oracao-pelo-papa-leao-xiv,https://imcimage.weebly.com/uploads/1/4/4/8/144864775/capa-ora-es-extraordin-rias-20250508-231242-0000_orig.png
oracao-pelo-perdao-dos-pecados,https://imcimage.weebly.com/uploads/1/4/4/8/144864775/ora-o-pelo-perd-o-dos-pecados-20250627-154337-0019_orig.png
oracao-pelos-agonizantes,https://imcimage.weebly.com/uploads/1/4/4/8/144864775/ora-o-pelos-agonizantes-20250627-154337-0020_orig.png
oracao-pelos-fieis-defuntos,https://imcimage.weebly.com/uploads/1/4/4/8/144864775/pelos-fi-is-defuntos-20250627-174826-0001.png
oracao-pelos-pais,https://imcimage.weebly.com/uploads/1/4/4/8/144864775/ora-o-pelos-pais-20250627-154338-0022_orig.png
oracao-pelos-pecadores,https://imcimage.weebly.com/uploads/1/4/4/8/144864775/ora-o-pelos-pecadores-20250627-154338-0023_orig.png
oracao-pelos-sacerdotes-santa-teresinha,https://imcimage.weebly.com/uploads/1/4/4/8/144864775/ora-o-pelos-sacerdotes-sta-teresinha-20250627-154338-0024_orig.png
oracao-universal-papa-clemente-xi,https://imcimage.weebly.com/uploads/1/4/4/8/144864775/ora-o-universal-clemente-xi-20250516-011304-0024_orig.png
oracoes-ao-acordar,https://imcimage.weebly.com/uploads/1/4/4/8/144864775/ora-o-da-manh-20240824-203947-0000_orig.png
oracoes-de-fatima,https://imcimage.weebly.com/uploads/1/4/4/8/144864775/ora-o-de-f-tima-20250627-154335-0007_orig.png
oracoes-do-anjo-de-portugal,https://imcimage.weebly.com/uploads/1/4/4/8/144864775/ora-es-do-anjo-de-portugal-20250627-154335-0008_orig.png
oracoes-para-a-santa-missa,https://imcimage.weebly.com/uploads/1/4/4/8/144864775/ora-es-para-a-missa-20250206-235403-0002_orig.png
oracoes-para-antes-de-dormir,https://imcimage.weebly.com/uploads/1/4/4/8/144864775/ora-o-da-noite-20240824-203947-0001_orig.png
oracoes-para-antes-e-depois-das-refeicoes,https://imcimage.weebly.com/uploads/1/4/4/8/144864775/ora-es-para-antes-e-depois-das-refei-es-20250627-153250-0025_orig.png
oracoes-para-depois-da-confissao,https://imcimage.weebly.com/uploads/1/4/4/8/144864775/depois-da-confiss-o-20250207-013941-0000_orig.png
oracoes-para-pedir-a-paciencia,https://imcimage.weebly.com/uploads/1/4/4/8/144864775/ora-es-para-pedir-a-paci-ncia-20250627-154335-0012_orig.png
oracoes-pela-alma-do-papa-francisco,https://imcimage.weebly.com/uploads/1/4/4/8/144864775/1-20250421-182555-0000_orig.png
oracoes-pela-graca-da-boa-morte,https://imcimage.weebly.com/uploads/1/4/4/8/144864775/ora-es-pela-gra-a-de-uma-boa-morte-20250627-154336-0014_orig.png
oracoes-pela-unidade-da-igreja,https://imcimage.weebly.com/uploads/1/4/4/8/144864775/ora-es-pela-unidade-da-igreja-20250627-154337-0017_orig.png
oracoes-pelos-doentes,https://imcimage.weebly.com/uploads/1/4/4/8/144864775/ora-o-pelos-doentes-20250627-154337-0021_orig.png
pai-nosso,https://imcimage.weebly.com/uploads/1/4/4/8/144864775/pai-nosso-20241203-011542-0004_orig.png
pai-nosso-pelas-almas-do-purgatorio,https://imcimage.weebly.com/uploads/1/4/4/8/144864775/pai-nosso-pelas-almas-20250516-011302-0014_orig.png
pange-lingua,https://imcimage.weebly.com/uploads/1/4/4/8/144864775/pange-lingua-20250627-154335-0010_orig.png
quaresma-de-sao-miguel-arcanjo,https://imcimage.weebly.com/uploads/1/4/4/8/144864775/quaresma-de-s-o-miguel-20240925-225213-0016_orig.png
regina-caeli,https://imcimage.weebly.com/uploads/1/4/4/8/144864775/regina-caeli-20250516-011304-0021_orig.png
relogio-da-paixao,https://imcimage.weebly.com/uploads/1/4/4/8/144864775/1-20260309-220031-0000_orig.png
rosario-de-deus-pai,https://imcimage.weebly.com/uploads/1/4/4/8/144864775/ros-rio-de-deus-pai-20250516-011304-0023_orig.png
salve-rainha,https://imcimage.weebly.com/uploads/1/4/4/8/144864775/salve-rainha-20241203-011543-0009_orig.png
salve-rainha-pelos-mortos,https://imcimage.weebly.com/uploads/1/4/4/8/144864775/salve-rainha-pelos-mortos-20250516-011301-0012_orig.png
santa-maria-socorrei,https://imcimage.weebly.com/uploads/1/4/4/8/144864775/santa-maria-socorrei-20250627-154338-0025_orig.png
santo-anjo,https://imcimage.weebly.com/uploads/1/4/4/8/144864775/santo-anjo-20241203-011544-0016_orig.png
santo-anjo-amparo-de-minhalma,https://imcimage.weebly.com/uploads/1/4/4/8/144864775/santo-anjo-amparo-de-minh-alma-20250627-154338-0026_orig.png
santo-santo-santo,https://imcimage.weebly.com/uploads/1/4/4/8/144864775/santo-santo-santo-20250627-154338-0027_orig.png
sao-jose-pai-e-protetor-das-virgens,https://imcimage.weebly.com/uploads/1/4/4/8/144864775/s-o-jos-pai-e-protetor-das-virgens-20250627-154339-0028_orig.png
sinal-da-cruz,https://imcimage.weebly.com/uploads/1/4/4/8/144864775/sinal-da-cruz-20241203-011542-0003_orig.png
suplica-a-santissima-virgem-pelas-almas-do-purgatorio,https://imcimage.weebly.com/uploads/1/4/4/8/144864775/s-plica-a-ns-pelas-almas-20250516-011300-0005_orig.png
te-deum,https://imcimage.weebly.com/uploads/1/4/4/8/144864775/te-deum-20250627-154339-0030_orig.png
terco-da-imaculada-conceicao,https://imcimage.weebly.com/uploads/1/4/4/8/144864775/imaculada-concei-o-20241203-011541-0001_orig.png
terco-da-misericordia,https://imcimage.weebly.com/uploads/1/4/4/8/144864775/divina-miseric-rdia-20241127-003228-0009_orig.png
terco-da-sagrada-face,https://imcimage.weebly.com/uploads/1/4/4/8/144864775/ora-es-de-sacramentos-20250228-140709-0000_orig.png
terco-da-sagrada-familia-de-nazare,https://imcimage.weebly.com/uploads/1/4/4/8/144864775/c-pia-de-capa-ter-os-e-comuns-20241218-160210-0000_orig.png
terco-de-sao-jose,https://imcimage.weebly.com/uploads/1/4/4/8/144864775/s-o-jos-20241203-011542-0002_orig.png
terco-de-sao-miguel-arcanjo,https://imcimage.weebly.com/uploads/1/4/4/8/144864775/ter-o-de-s-o-miguel-20241129-161103-0004_orig.png
terco-do-preciosissimo-sangue-de-jesus,https://imcimage.weebly.com/uploads/1/4/4/8/144864775/ter-o-do-precios-ssimo-sangue-20241129-161103-0005_orig.png
terco-pelas-almas-do-purgatorio,https://imcimage.weebly.com/uploads/1/4/4/8/144864775/almas-do-purgat-rio-20241203-011541-0000_orig.png
tomai-senhor-e-recebei-santo-inacio-de-loyola,https://imcimage.weebly.com/uploads/1/4/4/8/144864775/tomai-senhor-e-recebei-sto-in-cio-de-loyola-20250627-154339-0031_orig.png
trezena-a-santo-antonio,https://imcimage.weebly.com/uploads/1/4/4/8/144864775/trezena-de-santo-ant-nio-20241129-161103-0006_orig.png
trintena-a-sao-jose,https://imcimage.weebly.com/uploads/1/4/4/8/144864775/s-jos-trintena-20250205-114045-0003_orig.png
vem-espirito-santo-papa-pio-xii,https://imcimage.weebly.com/uploads/1/4/4/8/144864775/vem-espirito-santo-papa-pio-xii-20250627-153246-0002_orig.png
veni-creator-spiritus,https://imcimage.weebly.com/uploads/1/4/4/8/144864775/veni-creator-spiritus-20250516-011304-0025_orig.png
via-sacra,https://imcimage.weebly.com/uploads/1/4/4/8/144864775/via-sacra-20240824-203948-0007_orig.png
vinde-espirito-santo,https://imcimage.weebly.com/uploads/1/4/4/8/144864775/vinde-esp-rito-santo-20241203-011543-0010_orig.png
